Player ID,Name,Team,Batting Type,Pitching Type,Pitching Bonus,Handedness,Primary Position,Secondary Position,Teritary Position,Reddit Username,Discord Username,Format #
393,Birdman,TOR,S,NT,B,Right,PH,,,/u/crowsocj,Official Blu Jays Media Manger#8962,13
304,Basebally McBaseballface,TOR,WC,WC,H,Left,P,,,/u/icanhasadhd,,53
394,Ryan Gastings,TOR,SM,EG,B,Left,P,,,/u/roothockey,Aspence#3564,53
395,S.A.R. Dinka,TOR,1B,WC,H,Right,P,,,/u/sardinka,sardinka#6812,33
396,Mylo Grams,TOR,BC,FP,S,Right,C,1B,,/u/canigetawoop_woop,Mylo Grams#9559,53
1779,Herderber Derperger III,TOR,BC,,,Right,C,3B,,/u/Solar424,Solar424#0760,53
1745,Robbie Liapis,TOR,BP,,,Left,1B,LF,,/u/IndianGiraffe,Robbie#4710,53
1790,Almondo Albuterol,TOR,TT,,,Right,1B,3B,,/u/FiveDiamondGame,Wish Evolved#3566,53
400,Graham Grams,TOR,BC,,,Left,2B,RF,,/u/roleplayinggrandma1,RolePlayingGrandma - Jays 2B#3108,33
480,Captain Harry C Legs,TOR,BP,,,Left,2B,RF,C,/u/i_like_space,R3dfive#1079,53
724,Jay Peg,TOR,WC,,,Right,SS,CF,,/u/pawprints814,dogdotjpeg#1027,53
1829,Jack Meoff,TOR,1B,,,Right,SS,3B,,/u/FearGoldEagle45,FearGoldEagle45#2255,53
405,Sven Jorgenson,TOR,BC,,,Right,3B,RF,,/u/LetsHaveAwkwardSex,,53
315,Sunshine Pardue,TOR,S,,,Left,LF,1B,3B,/u/flwrkid,,53
1811,Doc Crudelly,TOR,HK,EG,H,Right,LF,1B,,/u/dunkat,dunkat523#7623,42
303,Jimmy Johns,TOR,BC,TD,B,Left,CF,RF,LF,/u/323K13L,EazyKill#8033,31
679,Scherbie Fully-Loaded,TOR,S,BF,H,Right,CF,LF,,/u/twinsfan94,TwinsFan94#3148,53
1712,Gregory Taint,TOR,S,,,Left,CF,RF,,/u/dinkist,,53
383,Spitz McGregor III,TEX,HK,TT,H,Left,P,,,/u/ncs53,,53
413,Superbone Threefinger,TEX,1B,EG,B,Right,P,,,/u/23baseball3,23baseball3#3100,13
752,Skinny Bear Brown Hill,TEX,BN,BS,B,Right,P,,,/u/LigmaKaChigga,,53
411,Rabbi Chase,TEX,BN,BB,B,Right,C,1B,,/u/RabbiChase,RabbiChase#6828,33
414,Barney Summers,TEX,1B,,,Left,C,3B,,/u/cougmaster,CougMaster#8822,53
415,Joe Random,TEX,BP,,,Right,C,1B,,/u/slowlycrashing,slowlycrashing#2514,53
417,Duke McCracken,TEX,BP,,,Right,1B,3B,,/u/Premature_Squirtle,,53
419,Takahiro Hirasawa,TEX,SM,,,Left,2B,SS,,/u/CureRedditor,Bajar#6837,33
691,Arthur Dent,TEX,1B,,,Right,2B,RF,,/u/DEAD_GUY34,Dead_Guy34#5759,53
1725,Trevor Rose,TEX,BN,,,Right,SS,2B,,/u/Trexxy2,trexxy2#1529,53
1952,Paxton Paige,TEX,S,,,Left,SS,CF,,/u/shooniPatooti,,53
2240,ModeratoSevere PlaquePsoriasis,TEX,XB,,,Right,SS,CF,,/u/comethruclutch,,53
157,Nikolas Romero,TEX,BN,,,Right,3B,2B,LF,/u/Deekem,Evan#3940,53
421,Joe Trundle,TEX,BP,,,Right,LF,RF,,/u/JLoother,Bobafeet#1197,33
599,P'quilla Porgsby,TEX,XB,,,Right,LF,1B,SS,/u/cherrimm,Jupiter#4325,53
423,Spike McBride,TEX,BN,,,Right,CF,LF,,/u/SpaceCase37,,53
17,Haywood Jablome,TEX,BP,,,Right,RF,1B,,/u/AGMarasco,AGMarasco#6366,53
270,Mason Miller,TBR,SM,EG,S,Left,PH,,,/u/DaveyClarkman4Prez,msnmllr#4532,12
42,Viking Fishbird,TBR,1B,NH,S,Right,P,,,/u/VikingFishBird,VikingFishBird#8715,53
78,Crimson Chin,TBR,BP,FP,S,Left,P,,,/u/D-Habes,,53
284,Hudson Hildebrandt,TBR,SM,TT,H,Left,P,,,/u/SenatorCam,Hudson#6673,53
646,Aaron Burr,TBR,BN,TT,H,Right,P,,,/u/VirginiaTeamsIGuess,Alan#2958,53
713,Pang Winn,TBR,BC,EG,H,Left,P,,,/u/TBKLarry,TBKLarry#1635,53
203,Bradle Beamen,TBR,XB,TT,H,Right,C,3B,,/u/Beadlejuice44,beadlejuice44#6627,53
327,Makesiondon Kelkboom,TBR,WC,,,Right,C,1B,,/u/AZhawk,Tenny#1917,33
1764,Ross Ewage,TBR,XB,TD,H,Right,1B,LF,,/u/HaV0C,HaV0C#3504,53
379,Gimpy Schlempteen 32,TBR,1B,NH,S,Left,2B,RF,,/u/Danster21,Danster21#5864,53
380,Lawrence Wiseman,TBR,BP,BB,B,Right,2B,SS,C,/u/Inexite,Inexite#0061,53
408,Cole Martinez,TBR,S,,,Right,SS,CF,2B,/u/BoomerSooner5,,53
439,Karl Jernigan,TBR,WC,FP,S,Left,SS,CF,,/u/TheJonestre,TheJonester#7695,32
382,Fuzzy Dunlop,TBR,WC,TD,B,Left,3B,LF,SS,/u/OJTang,Fuzzy Dunlop#5733,53
1785,Elmo Seabreeze,TBR,WC,SF,S,Right,3B,LF,,/u/PM_ME_YOUR_PENGUINZ,Bibbs#3475,51
567,Tucker Doubt,TBR,BN,BF,H,Left,LF,1B,RF,/u/MikeyTKO,MikeyTKO#0005,33
247,Dr.Degratest Toevadoit,TBR,S,,,Right,CF,LF,,/u/Adrianthereb,AP#5280,53
1733,Bonesy McSkellington,TBR,1B,NT,S,Left,CF,RF,,/u/tweezletorp,Bonesy McSkellington#3120,53
282,Cy Hadd Jr.,STL,1B,WC,B,Left,P,,,/u/jayyburdd,Jayyburdd#0069,53
352,Filib Al'anhar Jr.,STL,MH,TT,H,Left,P,,,/u/cpt_squishy,Ltc_squishy#8215,33
758,Warren Andrews,STL,HK,EG,H,Right,P,,,/u/AndrewWarren13,AW13#6043,53
205,Patrick Doyle,STL,BP,,,Right,C,3B,,/u/BaseScoutX1,BaseScoutXI#9824,53
557,Monty Johnson,STL,WC,,,Left,C,3B,LF,/u/TheMontyJohnson,TheMontyJohnson#1032,53
1736,Bob Dobby,STL,WC,WC,H,Right,C,3B,,/u/dobbykroket,Dobbydekrokettenkiller#6758,51
79,Jumbo Dick,STL,BP,,,Left,1B,LF,SS,/u/szabes,Jumbo Dick#8823,53
355,Chuck Tingle,STL,BP,NH,B,Left,1B,LF,3B,/u/Iamdumberdore,Iamdumberdore#7092,13
357,Stan Mann,STL,1B,,,Right,1B,3B,,/u/kylesell,CelciusII#6336,23
360,Goldie Jones,STL,WC,,,Right,2B,RF,,/u/mw4rfar3,Ruferew#6228,53
2246,Ronnie Wristclocks,STL,SM,,,Right,2B,SS,,/u/redclown1,Bowie#2347,53
244,Caelan Rooney,STL,EN,,,Right,SS,CF,,/u/EveryRespect,,53
781,Grand Salami,STL,BP,,,Right,SS,3B,,/u/GrandSalami24,,53
2206,Dirk Digglet,STL,1B,NH,H,Left,SS,2B,,/u/OutbachSteakhouse,lancer52#4833,53
362,Connor Morgan,STL,BC,,,Right,3B,LF,,/u/bigvoldaddy,BigVolDaddy#7470,53
230,Mike Oxlong,STL,XB,,,Right,LF,RF,,/u/Vauntice,gasbreads#1337,53
1784,Dick Nutter LXIX,STL,BP,,,Right,CF,LF,,/u/pm_me_cute_sloths_,pm_me_cute_sloths_#5223,53
35,Jeffrey Nolan,STL,BP,,,Right,RF,1B,,/u/Acoolgamer6706,Arothtic#6340,33
369,Grimm Carp,STL,BP,,,Right,RF,CF,,/u/enjoyingcarp650,,53
133,Bud Tuggli,SFG,BN,TT,H,Left,P,,,/u/inocain,c0ldspark#0042,53
336,Darth Vader,SFG,1B,FP,S,Right,P,,,/u/darthvader1521,darthvader1521#0667,13
345,Junior Longuys,SFG,1B,FP,H,Left,P,,,/u/Reno_ty620,RenoTy#3764,53
338,Eric Cowan,SFG,BN,,,Right,C,1B,CF,/u/Skacowan,Skacowan#0018,53
644,Rhys Wilson,SFG,EN,TD,H,Left,C,3B,,/u/Sittler66,,53
134,Dart Ragusa,SFG,TT,TT,B,Right,1B,3B,C,/u/Dart31AF,Dart#5537,51
1773,Skippy Gustafsson,SFG,WC,,,Left,1B,LF,,/u/QuantumDrake,QuantumDrake#8267,53
2218,David Peterson,SFG,EN,,,Left,1B,LF,,/u/DEP61,dep61#0061,53
1763,Dermot Mulveiny,SFG,BN,,,Right,2B,RF,,/u/fluctuat-necmergitur,davy909#0336,53
209,Gianni,SFG,BC,,,Right,SS,2B,,/u/SlySpacialArc,Gianni#2114,53
91,John Johnson Jr.,SFG,S,BF,H,Right,3B,LF,SS,/u/Barnsley1001,Barno#4078,33
381,Cue Anon,SFG,1B,,,Right,3B,2B,C,/u/cujoespo,Cue Anon üá∫üá∏#7545,53
726,Dirk Thrustmore,SFG,XB,,,Right,3B,SS,,/u/Benny_Bats23,ShnozzLord#1072,53
734,Kevin Harrison,SFG,S,,,Left,3B,2B,,/u/yellowcat5,ThunderWolf53#2738,53
712,Shygen Tinybeard,SFG,WC,,,Right,CF,RF,,/u/dyslexda,dyslexda#0531,53
1770,Husky Pawson,SFG,WC,,,Right,CF,LF,,/u/GIVE_me_OSRS_bonds,Husky Pawson | SF | CF/LF |#7406,53
350,Lightning Balls,SFG,BC,,,Right,RF,CF,3B,/u/lightning_balls,lightning_balls#3063,53
597,Charpasm Chim,SFG,XB,SF,H,Left,RF,CF,,/u/ssk417,Dack Ralter#7607,53
623,Thelonius Junk,SEA,SF,NH,H,Left,PH,,,/u/OxygenIsForLiving,ClueTheMovie#1985,13
1,Thomas Nova,SEA,BP,EG,H,Left,P,,,/u/AtomikaNova,Daitryu#7669,53
93,Mackin Tosh,SEA,SM,NH,S,Left,P,,,/u/MasterCashier,MasterCashier#1114,53
250,Pablo Sanchez III,SEA,SM,NH,S,Right,P,,,/u/xBigChuck,xBigChuckx#5729,33
612,Barry McKockiner,SEA,SF,BS,H,Left,C,3B,,/u/ilikecupcakes123,Muffin#6403,51
775,Duke Marriot,SEA,SF,TT,H,Right,C,1B,,/u/Henson77247,,53
65,Dakota Carolina Montana,SEA,S,EG,H,Left,1B,LF,,/u/zatch17,Dakota Carolina Montana#4635,53
386,Babatunde Oladotun,SEA,BP,,,Right,1B,LF,,/u/officialstc,Babatunde Oladotun#6470,53
66,Daniel Dove,SEA,SF,BB,H,Right,2B,RF,LF,/u/Smurfman254,Smurf#9966,33
186,IBO Bust,SEA,1B,,,Right,2B,SS,CF,/u/Shadolor,Milk_Factory#3931,53
1943,Oxleohl Driver,SEA,S,,,Left,2B,1B,,/u/HmathForDayz,HmathPlayz#6123,53
560,Napoleon Shortsleeve,SEA,S,NH,H,Left,SS,CF,,/u/SarcasticCroissant,brotate#1373,33
686,Julio Escobar,SEA,MH,,,Right,SS,CF,,/u/ChowLemon,Chow Lemon#6791,53
1947,Alaina Mclean,SEA,HK,BS,H,Left,SS,CF,,/u/Amodernmaryshelley,,53
371,Robin Reynolds,SEA,TT,TT,H,Right,3B,1B,,/u/kekar29,Kekar(/u/Kekar29)#3461,53
1732,Gang Weed,SEA,BC,,,Left,3B,LF,,/u/Crazc,Crazc#6969,53
349,Kentho Birne,SEA,1B,TT,H,Left,RF,1B,SS,/u/Natsochist,Natsochist#8041,53
1794,Truck Month,SEA,1B,NT,S,Right,RF,1B,,/u/MrChubbs_,Truck Month#7046,53
331,Rekt Keyo,SDP,BC,NH,S,Right,PH,,,/u/Ashbymtg,keyo#2641,53
150,Pickle Rick Vaughan,SDP,MH,NT,H,Right,P,,,/u/Norosesxvx,connorxvx#8215,53
181,Boof Jones,SDP,1B,EG,B,Left,P,,,/u/dronelogan,,53
708,Gob Bibson,SDP,MH,TD,H,Left,P,,,/u/southwestTider,Judge1314#2067,33
324,Caleb Aiken,SDP,BC,,,Right,C,3B,,/u/nbryson625,Nathan625#7391,53
672,Clarinet Clarinet,SDP,BC,EG,H,Left,1B,3B,,/u/theclarinetsoloist,theclarinetsoloist#1352,53
2251,Luke Skywalker,SDP,MH,,,Right,1B,3B,,/u/Canner2477,Canner234#3934,53
329,Drew Savage,SDP,BC,,,Right,2B,SS,,/u/Xrt3,Xrt3#6212,53
525,Cam'ron,SDP,1B,,,Right,2B,SS,,/u/DPZ1156,DPZ1156#7914,32
1799,AllStar Lin,SDP,XB,,,Right,2B,1B,,/u/allstarlin,allstarlin#5173,53
784,Red Fox,SDP,BC,,,Right,SS,2B,,/u/Th3R3dF0x,TheRedFox#6113,53
158,Sam Smith,SDP,BP,,,Right,3B,LF,2B,/u/sasmith2015,sasmith2015#4461,53
296,Chuck McCluster,SDP,XB,,,Right,3B,2B,CF,/u/vigintiunus,snipenberg#7197,53
717,Runner Buehler,SDP,EN,,,Right,3B,2B,,/u/ac41212,banananutcrunch#5194,53
1813,Freddie Huff,SDP,WC,,,Right,3B,LF,,/u/Deebubya,Deebubya#4392,53
161,Girth Brooks,SDP,BN,,,Right,LF,1B,C,/u/Velocitron,velocitron#9558,53
332,Dixie Normos,SDP,S,,,Right,LF,RF,3B,/u/glarfquifus,glarfquifus#3348,53
772,Mike Fruitstand,SDP,BC,EG,S,Right,LF,RF,,/u/ItsJustFruity,ItsJustFruity#8827,53
746,Michael Scarn,SDP,1B,BB,H,Left,CF,LF,,/u/SadMuffin14,ŒóorribelSpelling#6152,53
1955,Michael Smith,SDP,BN,NH,H,Right,CF,LF,,/u/Stq1616,stq#8639,53
774,Amper Sand,SDP,BP,,,Right,RF,1B,C,/u/GatorMade_22,GatorMade_22#3735,53
305,Dylan Green,PIT,1B,FP,S,Right,PH,,,/u/RamblingWreckFromGT,DylanG5#4899,13
58,Atlas Quin,PIT,MH,TT,H,Left,P,,,/u/Pieanator,Pieanator#7542,53
361,Matt Himynamis,PIT,WC,FP,S,Right,P,,,/u/Hi_mynameis_Matt,Hi_mynameis_Matt#1212,33
636,Yolo Hernandez,PIT,WC,TT,H,Right,P,,,/u/deedle_dee_23,Dendrix#2453,53
1705,Sarah Curvingsworth,PIT,BC,EG,S,Right,P,,,/u/ghosthardware515,sarah_#4781,53
307,Garitek,PIT,BC,,,Right,C,1B,CF,/u/GareDR333,GareDR333#5369,53
308,Moose McCracken,PIT,BC,,,Right,C,3B,,/u/KitandCanoodle,Honorsystem#2054,53
1954,Matt Murphy,PIT,EN,,,Right,C,3B,CF,/u/bassbacon38192,BassBacon38192#3465,53
1960,Aidan Myers,PIT,BP,,,Right,C,3B,,/u/Vel0zity,AidanMyers#9590,53
223,Kegs Mabry,PIT,HK,,,Left,1B,LF,SS,/u/Kegs_is_great,kegs#5639,53
309,Emer Bock,PIT,BN,,,Left,1B,LF,RF,/u/gitisbaggz,Marjorie Mynx - PIT Recorder#6230,53
1755,Joe Whomper,PIT,XB,,,Right,1B,LF,CF,/u/joe_skidiachi_irl,JoeWhomper#8589,53
477,Abraham Lincoln,PIT,WC,NT,H,Left,2B,SS,,/u/hardzim,teteworms#2154,43
479,Revan Skywalker,PIT,1B,TD,S,Right,2B,SS,,/u/revan1211,revan1211#7784,53
1737,Slappy McBatty,PIT,BN,,,Right,2B,1B,3B,/u/A_Hanging_Noose,Crimge#9121,53
314,Lance Lummox,PIT,BN,,,Right,SS,CF,,/u/lummoxx,Lummoxx#2267,53
579,Magnus Dongfest,PIT,1B,,,Right,SS,3B,C,/u/JSteel,JSteel#9692,53
647,Walter Yeller Weller,PIT,BN,NH,S,Left,3B,2B,,/u/Saxsquatch,Saxsquatch#2791,53
654,Cole Schmole,PIT,BC,NH,S,Right,3B,LF,1B,/u/SnareShot,alan#0001,33
1698,Jonny Mac,PIT,S,,,Right,3B,2B,RF,/u/MayhemUnit,mayhemunit#0304,53
773,Jackie Jill,PIT,BC,,,Right,RF,CF,,/u/SarahWearsaHat,SarahWeeksMusic#8942,53
234,Angel Leon,PHI,BN,BS,B,Right,P,,,/u/GK12303,GK#1313,53
285,Joel Embiid,PHI,S,EG,S,Left,P,,,/u/5566y,5566y#9296,53
286,Oliver Yu,PHI,TT,TD,B,Right,P,,,/u/HelloAllOfYou,Alf#0413,53
669,Mitch Kramer,PHI,SM,NH,H,Right,P,,,/u/bunkermatt,bunkermatt#6724,52
815,Yahtzee Pinocchio,PHI,BC,WC,B,Left,P,,,/u/Carsman45678,Kiddingsoda#0069,53
1743,Cagney O‚Äôverpaid,PHI,WC,SF,B,Left,P,,,/u/Cagney2Mimz,cagney28#2680,53
2215,Jack Ryan,PHI,BN,WC,H,Right,P,,,/u/NChambers13,Jack Ryan - Phi RHP#7317,53
287,KC Bats,PHI,BP,WC,H,Right,C,1B,3B,/u/kc3551,kc3551#3802,53
1816,Ray Saint Pete,PHI,1B,,,Right,C,3B,,/u/JulioForte,EmceeMc#3366,53
289,Conor Sexton,PHI,BP,BS,B,Left,1B,3B,,/u/YoloSwagginsV12,YoloSwaggins#8690,33
290,Miguel Snow,PHI,MH,,,Right,1B,3B,LF,/u/biigdog,biigdog#3209,53
293,Charlie Bae Jr.,PHI,BC,WC,B,Left,2B,SS,RF,/u/axel323,axel323#7236,33
295,Jocko Jones,PHI,BN,,,Right,2B,RF,,/u/Dodger_Rej3ct,Ashen_1#2320,53
1964,Jabreakit Jubawit,PHI,XB,,,Right,2B,SS,,/u/mllax10,Mllax10#4986,53
298,Jeff Dingerhitter,PHI,HK,BB,B,Left,SS,CF,C,/u/thedarkonesarehere,Woj#6097,13
681,Billy McBeans,PHI,BP,,,Right,SS,CF,,/u/Capitalist_Turtle_,The Vimtoad#7428,53
226,Phil Coulson,PHI,1B,,,Left,3B,2B,LF,/u/PHICOU10,Phicou#8518,51
301,Joe Pidgeon,PHI,1B,,,Right,CF,RF,,/u/AnAngryPidgeon,AnAngryPidgeon#7526,22
650,Chody McCarty,PHI,EN,,,Left,CF,LF,,/u/Ktckintern,(o_o)#3616,53
302,Jackson Takegi,PHI,1B,FP,S,Right,RF,1B,2B,/u/dud5494,Jackson#8296,53
745,WILL THE THRILL,OAK,MH,EG,H,Left,PH,,,/u/willand714,willand714#0007,13
152,Coleman Waters,OAK,XB,BS,B,Right,P,,,/u/Nola2Tx41,NolaGumbeaux41#8934,43
268,Jeff Steelflex,OAK,1B,TT,B,Left,P,,,/u/cardinalidae,Jeff Steelflex#0352,33
310,Jameson Poe,OAK,BP,NT,H,Right,P,,,/u/Toli820,Poe#8888,53
1834,Bob Kelso,OAK,WC,BS,H,Right,P,,,/u/ephenssta,ephenssta#8743,53
271,Assassin Xekutioner,OAK,XB,TD,S,Left,C,1B,,/u/TheXekutioner,The Xekutioner#1212,53
770,Dottie Hooligan,OAK,MH,EG,S,Left,C,1B,,/u/otterHooligan,otter#4730,52
1699,Pork Torkleton,OAK,BP,EG,H,Right,C,1B,,/u/tmillion,PorkTorkleton#3298,53
272,Jimjon Jonjim,OAK,WC,FP,S,Left,1B,3B,CF,/u/Tigerfan895,,53
2224,Kenny Pupton,OAK,XB,,,Right,1B,LF,,/u/khaleesi_sarahae,khaleesi_sarahae#3374,53
206,Gil Metz,OAK,XB,,,Left,2B,SS,3B,/u/Metssuck,metssuck#5464,53
547,Red Arrow,OAK,BC,BS,H,Right,2B,SS,,/u/RedArrow12c,RedArrow12c#7693,31
738,JohÔøΩÔøΩy Coppolella,OAK,BC,,,Right,SS,3B,,/u/KillerQueen182,KillerQueen182#1769,53
739,Jeter O'Cola,OAK,BC,,,Right,SS,2B,,/u/drp_17,Stoney#5053,53
755,Rake Inthelake,OAK,WC,,,Left,3B,2B,,/u/MN_Moosey,Moosey#7461,53
759,Jrue Pierce,OAK,XB,NH,H,Right,3B,SS,1B,/u/ATLien20,True#9380,53
14,A.Z. Chapman,OAK,TT,,,Right,LF,RF,3B,/u/AZAthleticsfan,,53
2225,Nickey Hallaway,OAK,WC,,,Right,LF,RF,,/u/LEAPYEAR_FOR_SCIENCE,LEAPYEAR_FOR_SCIENCE#5254,53
701,Sandy Zipp,OAK,EN,,,Left,CF,LF,,/u/ARentPayingSpider,kMap#4952,53
146,Jerry Jingles,OAK,BP,,,Right,RF,CF,LF,/u/AncientSphere,Zachadee#1786,53
266,Cam Singleton,OAK,1B,EG,S,Left,RF,CF,C,/u/SweatpantsDV,sweatpantsdv#2760,53
193,Lemon Ade,NYY,SM,TD,S,Left,PH,,,/u/llamositopia,Llemon#3306,13
375,Tanner Hendrix,NYY,BN,BS,H,Left,P,,,/u/Running2018,TH#0080,53
481,Don Chalupa,NYY,BC,NH,H,Right,P,,,/u/Wiulamas,,53
1759,Che Or,NYY,BC,WC,S,Right,P,,,/u/Che-or,We're Gomq#3526,53
2207,Fik Seiko,NYY,WC,EG,B,Left,P,,,/u/FountainOfDew,FountainOfDew#7357,53
256,Tyrone Jennings,NYY,WC,EG,S,Left,C,3B,LF,/u/AuraxisKnight,Vecinzz#9675,53
783,Pete Wheeler,NYY,XB,,,Right,C,1B,,/u/therealslimcampbell,Captain CC#0360,53
814,Saitoo Syde,NYY,TT,EN,B,Right,C,1B,,/u/iamslm22,iamslm22#2685,53
1951,Turnip Stonk,NYY,XB,TD,S,Left,1B,3B,,/u/Codeeman2,Turnipboi#2568,53
259,Layzer Gunn,NYY,BP,EG,S,Right,2B,SS,,/u/Twilight_Ike_Galaxy,Big Botto m#1067,23
260,Oliver Skipp,NYY,BC,,,Right,2B,RF,,/u/soccerpro5674,chasehannen#9609,53
138,Donnie Draper,NYY,S,TT,S,Right,SS,2B,,/u/-Don-Draper-,-Don-Draper-#9411,53
160,Zum Saparilla,NYY,1B,,,Left,SS,3B,,/u/zamboneh,Zamboneh#5851,53
559,Trevor Mouseman,NYY,BC,,,Right,SS,2B,RF,/u/mrmouseman,Hot Diggity Dog#2030,53
1778,Tommy Tightpants,NYY,BP,TT,H,Right,SS,CF,,/u/Eridel_54,wack#1387,53
264,Skye McDowell,NYY,EN,NH,S,Right,LF,1B,,/u/nayseloid,nayseloid#7343,52
510,Ray Dingerz,NYY,1B,,,Right,LF,RF,,/u/HuskerJare,RayDingerz#1813,53
189,Future Trunks,NYY,XB,,,Left,CF,RF,LF,/u/xboy623,,53
1781,Dirk Leschnewski,NYY,BP,NT,B,Right,CF,LF,,/u/vrtxzenith,Laser#8573,53
1788,Apple Watch,NYY,BC,,,Left,CF,LF,RF,/u/TheGlaceon78,Glaceon78#7294,53
131,Nori Aru,NYY,1B,FP,H,Left,RF,1B,,/u/Ocelot_Tuga,Arujento#7149,31
238,Ben Bramly,NYM,XB,EN,B,Right,PH,,,/u/bzb113,bennyS#0344,13
235,J.E. Wilkins,NYM,S,TD,H,Left,P,,,/u/LightHail,LightHail#8936,53
252,Oscar  Vinegrette,NYM,SF,TD,S,Right,P,,,/u/q77e,q77e#9300,53
487,cocl,NYM,BC,EG,B,Right,P,,,/u/richard7775,richard#6782,51
517,Ryan Tyburn,NYM,1B,NH,H,Right,P,,,/u/thelordstrum,Tyburn#0651,33
558,Star Burns,NYM,BP,EG,B,Right,C,3B,,/u/I_AM_STARBURNS_AMA,fusionneutral#9524,53
169,Todd Bonzalez II,NYM,BN,,,Left,1B,LF,,/u/Spear585,jfennhawk#9992,53
492,Wallace Grommet,NYM,BC,WC,S,Right,2B,1B,,/u/klittle6,kaylittle6#1625,22
765,Baron Harold Willingsby,NYM,WC,,,Right,2B,RF,,/u/clipper_murray,clipper_murray#0917,53
1823,That's Amore,NYM,SF,,,Right,2B,RF,,/u/gohomecohn,centralafricanrepubliclaserdisks#0767,53
638,Sablo Panchez,NYM,SM,,,Right,SS,CF,,/u/KurtVonnebeergut,S P#2510,33
1942,Hero Brine,NYM,BP,WC,H,Right,SS,3B,,/u/KickMC,Herobrine steal ur diamonds#3643,53
2247,Jeo From,NYM,S,,,Right,SS,CF,,/u/Aki_213,,53
500,Orlando Champagne,NYM,BP,BS,H,Right,3B,LF,,/u/KnowedgeandStupidity,KnowedgeandStupidity#6109,53
594,Deej Gambino,NYM,WC,,,Right,3B,LF,,/u/deejus56,deejus56#7285,53
782,Mike Hampton,NYM,TT,,,Right,3B,SS,C,/u/Bro1999919,Bro199999#0570,53
683,Kris Kringle,NYM,1B,,,Right,LF,1B,,/u/Spidermanno,Spidermanno#7763,53
334,Dwayne Stevenson,NYM,XB,,,Right,CF,RF,2B,/u/hrcnhntr613,hrcnhntr613#1562,53
392,Haydn Werfer,MTL,S,SF,S,Left,PH,,,/u/XemyrLexasey,XemyrLeBeau#3627,13
175,Jasmine Skyla,MTL,1B,BS,S,Right,P,,,/u/itsjazzyg,sapphicgirljas#5783,53
391,Maxelia Gray,MTL,MH,BS,S,Right,P,,,/u/TehBamlEaucs,RoseSystem#0462,53
604,Callie Braden,MTL,MH,BS,H,Left,P,,,/u/AllInWithOakland,CloudNein#6571,53
390,Joey McCarty,MTL,MH,NH,H,Right,C,1B,,/u/Joester09,,53
418,Anthony Richards,MTL,SM,,,Right,C,3B,,/u/keekan123,yippi#9884,53
291,Joey-Claire Hiveswap,MTL,EN,,,Left,1B,LF,2B,/u/NowIOnlyWantATriumph,NowIOnlyWantATriumph#1312,53
401,Iris Solstice,MTL,BP,BS,H,Right,2B,1B,,/u/riiolu,Riley#4869,53
1700,KlentakPay TheFuckingTax,MTL,WC,,,Right,2B,1B,,/u/letmeinalreadyplease,TheresAlwaysNextYear#4996,53
13,Reimer Gonzalez,MTL,WC,BS,H,Right,SS,CF,,/u/DeanNeedsANewAccount,Dean#9835,53
406,Catfish O'Acid,MTL,BC,BF,H,Right,SS,3B,,/u/CatsOnAcid,Mashee#3362,53
697,Alaric Davis,MTL,SM,TD,H,Left,SS,CF,2B,/u/evileyeofurborg,,53
703,Emerson Austin,MTL,BP,BF,H,Right,3B,SS,,/u/MarkShrekerburg,EA#4209,51
1724,Hannibal Bligh,MTL,BN,EG,B,Right,3B,LF,,/u/ArmadilloPenguin,ArmadilloPenguin#7313,52
711,Abelardo Montoya,MTL,MH,,,Left,LF,1B,,/u/Jackslid,,53
740,Bartholomew J. Bottomtext,MTL,SM,BF,H,Left,CF,LF,,/u/veggieswithtanks,stress_zeppelli#8190,53
56,Ziggy Cedar,MTL,S,,,Left,RF,1B,,/u/ziggmiceter,Zigg#4719,53
90,Bob Robb,MTL,S,,,Left,RF,CF,,/u/Gameran,gam#1778,53
144,Homer Pimpson,MTL,WC,,,Left,RF,1B,,/u/bluesox,bluesox#1901,52
1774,Monica M. Clinton,MTL,WC,,,Left,RF,CF,,/u/cinnamonprogrammer,,53
518,Arthur Vandelay,MIN,HK,FP,S,Right,P,,,/u/Dahdscear,Art#8858,13
1695,Jin Yang,MIN,1B,WC,B,Right,P,,,/u/KraVok,Kra_Vok#9513,53
1719,Moby Dick,MIN,BN,WC,H,Left,P,,,/u/Dr_OddBall,MacDog213#1874,53
1818,Tabasco Greensauce,MIN,WC,SF,B,Right,P,,,/u/MrAtlantic,Trey Rodgers#0482,53
113,Kevin Arianna,MIN,MH,TD,S,Left,C,3B,2B,/u/hiariannalol,kev#3224,53
354,Jack Jackie Jackson,MIN,MH,,,Right,C,1B,LF,/u/Jaxx_on,Jaxx_On#9144,53
606,Homer Nocker,MIN,SF,EG,S,Right,C,3B,LF,/u/CableCubed,Cable^3#3200,33
530,Ping Pong,MIN,MH,,,Left,1B,LF,SS,/u/Bearmay33,,53
485,Francis X. Clampazzo,MIN,WC,TD,H,Right,2B,SS,3B,/u/theFrownTownClown,frowntownclown#6523,51
662,Joey Wheeler,MIN,MH,BS,B,Left,2B,SS,3B,/u/hartman_,Slingblade#8693,53
671,Heechul Kim,MIN,BN,BB,,Left,2B,SS,CF,/u/Entidus,Andy#3170,53
616,Christian Bevan,MIN,XB,,,Right,3B,LF,CF,/u/FalseMoon,,53
342,River Ride,MIN,BC,NH,S,Left,LF,RF,1B,/u/rideride,pull#0053,33
609,Roy Hobbs,MIN,1B,,,Right,LF,RF,2B,/u/mrgiraffe000,Anthony#9005,53
756,Jayson Kincaid,MIN,BP,,,Right,LF,1B,SS,/u/Silvarness785,silverness785#9860,53
16,Thomas Chiggins,MIN,BP,BS,B,Right,CF,RF,C,/u/cookie1763,,53
33,Brian Zucchini,MIN,BC,,,Left,CF,LF,,/u/Ricochet1039,Ricochet1039#5860,53
1771,Pierre Bryant,MIN,BC,,,Left,CF,RF,,/u/cenakofi,breadispain#9698,53
582,Wee Laddy Donkus,MIN,S,EG,S,Left,RF,1B,CF,/u/JLPhiTau,Theseus#1309,53
2229,King Kruul,MIN,TT,,,Left,RF,CF,,/u/Druidicdwarf,LefLop#4771,53
207,J.J. Guemes,MIL,1B,TT,H,Right,PH,,,/u/josephr333,joseph#3849,13
217,Benjamin Abenduct,MIL,S,EN,H,Left,P,,,/u/bowlkart,Eenhcs#2967,53
373,Ed Turner,MIL,BC,BB,S,Right,P,,,/u/Future_Tyrant,Future_Tyrant#5017,53
610,Francis Swagger,MIL,MH,BS,H,Left,P,,,/u/bellysk8er2005,bellysk8er2005#9850,53
1809,Tex Hershey,MIL,WC,BS,B,Left,P,,,/u/Aheadytale,Chew Bacon#1894,53
1828,Salazar Santiago,MIL,SM,BS,H,Left,P,,,/u/shadowz1797,,53
2234,Henri Deschenes,MIL,XB,WC,H,Right,P,,,/u/SethLeBreton,psanchez55 ‚≠ê#4690,53
197,Hans Ali,MIL,MH,NH,S,Right,C,1B,,/u/hanstheman33,hanstheman33#3083,33
202,Alex Moran,MIL,1B,,,Right,C,1B,,/u/C-Doge,C-Doge#9542,53
1706,Ferret McGivins,MIL,XB,BB,B,Right,C,1B,,/u/HJD1970,FerretMcGivins#0640,52
1720,Henryk Szydlowski,MIL,WC,,,Right,1B,3B,,/u/xszydx,xszydx#8992,53
607,Eli Sasak,MIL,BN,,,Right,2B,SS,,/u/TheRealDraid,Draid#0610,53
1787,Jeremy Nakamoto,MIL,BC,,,Right,2B,SS,,/u/kingkongjamaica,kingkongjamaica#2956,53
187,Alex Peters,MIL,SM,,,Right,SS,CF,,/u/Starracer88,Th3 D3at4ly M3me#5066,53
549,Paddy O'Connor,MIL,BC,TT,H,Left,SS,2B,,/u/Apom52,Pat#7352,51
1815,Hubert Farnsworth,MIL,XB,,,Right,3B,LF,,/u/i_Pazuzu,pazuzu#4086,53
1843,Skippy Schumaker,MIL,BC,,,Right,3B,LF,1B,/u/wtoelkers,woelkers#4714,53
600,Johnny Hendrix,MIL,BC,BS,B,Right,LF,RF,,/u/givemdaeephus,givemdaeephus#5189,33
1830,Guido Ligiorno,MIL,SM,TT,H,Left,CF,RF,,/u/Aesnop,20-2 with Nate#6723,53
583,Roland Kholin,MIL,BC,NH,B,Left,RF,CF,,/u/Sandsrashu,Pelochyta#9978,53
262,Dirtbag Darrell,MIA,BN,EG,S,Left,PH,,,/u/bearded_wildcard,Wildcard09#4611,12
37,Artanis Jones,MIA,SM,BS,H,Left,P,,,/u/AdmiralJones42,AdmiralJones42#6648,53
39,Whitt Bass,MIA,1B,NT,S,Right,P,,,/u/kickthepony,kickthepony#5274,53
182,Fish Fingers,MIA,SM,NH,S,Right,P,,,/u/Mr_M_11,SnakeByte#4798,53
1718,Brusdar Gatorade,MIA,1B,FP,H,Left,P,,,/u/bdu754,bdu754#3704,53
180,Demetrios Ooga,MIA,BC,EG,S,Left,C,3B,RF,/u/oogadebob,oogadebob#9787,31
184,Henry Crowell,MIA,EN,EN,S,Right,C,1B,3B,/u/henrysstashofmemes,HITR#1074,53
1721,Zack Mouse,MIA,WC,EG,S,Left,C,3B,,/u/krystx57,Aurius#7861,52
727,Matt Conzo,MIA,WC,WC,B,Right,1B,3B,,/u/xconzo,xconzo#1396,53
116,Mattress Cadaire,MIA,BC,BS,S,Right,2B,SS,,/u/tallbeardedguy,FearTheBeardBruh#2566,53
190,Lane Drew,MIA,BC,NH,S,Left,SS,2B,,/u/StridentBoss,Stride#6211,33
562,Rotticus Scott,MIA,BC,BF,B,Left,SS,CF,2B,/u/SenorBlaze,Rotti#0001,33
191,BEST Nova,MIA,TT,TT,H,Left,LF,1B,,/u/Schauera30,AndrewS#4302,53
192,Javier Tootblan,MIA,XB,,,Right,LF,RF,C,/u/AlloftheDerp,xr41#9352,53
194,Joe Watson,MIA,WC,TD,S,Right,CF,LF,,/u/Crazymonkey1013,Crazymonkey1013#3314,53
665,Bench Warmer,MIA,BP,BS,H,Right,RF,1B,SS,/u/qomsday,Qomsday#7405,53
163,Rickey Tucker,LAD,BP,FP,H,Left,PH,,,/u/amesker,amesker#3310,12
164,Artie Ziff,LAD,BN,TT,H,Right,P,,,/u/Mennonite_barbie,mennonite_barbie#3089,53
165,Geno Scaramucci,LAD,BP,NT,B,Left,P,,,/u/Silky_Mango,SilkyMango#9987,33
337,Andrew Peters,LAD,BN,BS,H,Left,P,,,/u/GoodMorningWood,GoodMorningWood#8379,53
478,Bobo Bones,LAD,WC,WC,S,Left,P,,,/u/Brodicium,VoxBarbarian#7332,33
168,Bo-Horse Jackman,LAD,BN,,,Right,C,3B,,/u/Phillyproud21,Phillyproud21#3174,33
204,Coco Watanabe,LAD,1B,,,Right,C,3B,1B,/u/jorleeduf,jorleeduf#8784,53
340,Picov Andropov,LAD,XB,,,Left,C,1B,CF,/u/ElmoLibre,Shambox#6584,53
545,Randy Poovey,LAD,1B,,,Left,1B,LF,,/u/Arippa,Randy Poovey 1B/LF#3283,53
167,Ronald Eagle Jr.,LAD,1B,,,Right,2B,RF,,/u/reagens_eagle,Reagens_Eagle#8473,53
170,Aych Imtiyaz,LAD,BC,,,Right,2B,1B,,/u/Aychim,Aych#2738,53
273,Max Wasson,LAD,BC,,,Right,2B,SS,,/u/maxwasson2,Max#6067,53
640,Caleb Craven,LAD,BC,1B,S,Right,2B,SS,,/u/Slowlow24,Slowlow24#7792,51
696,Ayden Davis,LAD,EN,BS,S,Right,3B,SS,,/u/ThatImpGuy,,53
771,Lee Allen Ripley,LAD,BP,FP,B,Left,3B,LF,,/u/SubcheckForum,SubcheckForum#0035,53
249,Tequila Sunrise,LAD,BP,EG,S,Right,LF,RF,,/u/Acyke,Tequila#4692,52
278,Dominus Nominus,LAD,1B,BS,B,Right,LF,1B,,/u/steelermade28,steelermade28#8041,43
452,Grigury Polinko,LAD,BC,,,Left,LF,RF,3B,/u/grigury,,53
700,Edward Freeman,LAD,BC,,,Left,CF,RF,,/u/Wizedex,Wizedex#7760,53
707,Kyle Corbett,LAA,BP,BS,B,Right,PH,,,/u/bryceryals42,kylecorbett42#7256,12
188,Tonto Kowalski,LAA,SM,FP,B,Left,P,,,/u/Gschlim,GSchlim#8572,53
714,Randy Pole,LAA,SF,TT,S,Right,P,,,/u/MattA2930,,53
716,Penny Lane,LAA,1B,FP,H,Right,P,,,/u/elifad18,Wham Bam Shang-A-Lang#7171,33
1841,Nick Willis Jr.,LAA,TT,BS,H,Left,P,,,/u/Texer2004,wholesome#8375,42
614,Joe Nastasi,LAA,WC,FP,H,Right,C,3B,1B,/u/Phil_wswguy,dmwsguy#2324,53
689,Nick Dudley,LAA,SM,,,Right,C,3B,RF,/u/Privatesloth986,whatsmynameagain?#7347,53
730,Kyle Bellinger,LAA,BC,,,Left,C,3B,,/u/maxcrazy,Maxcrazy#6219,53
399,Jake Wexler,LAA,HK,,,Left,1B,3B,,/u/StatefromJakeFarm,StatefromJakeFarm#0512,53
1717,Corey Scooter,LAA,XB,,,Right,1B,3B,CF,/u/mrwalrus99,butteryknees#9252,53
629,J.J. Romero,LAA,BN,,,Right,2B,SS,,/u/ji0vanni,JJ Romero#9670,53
779,Primal Cookie,LAA,BC,,,Right,2B,SS,,/u/PrimalCookie,Primal Cookie#5023,53
210,Chris P. Bacon,LAA,BC,FP,S,Right,SS,3B,,/u/jlscavni,jlscavni#8426,53
1701,DeVon Pepper,LAA,BP,,,Left,SS,2B,1B,/u/Lildog78,Lildog78#9873,53
344,Mongster Mash,LAA,1B,NT,H,Right,3B,SS,CF,/u/mongster_03,mongster_03#3405,31
1729,Cali Guerensk,LAA,EN,,,Right,3B,SS,2B,/u/Drag0nG0ld8,Drag0nG0ld008#5755,52
49,Austin Schwartz,LAA,1B,,,Left,LF,RF,CF,/u/Cubzlover84,,53
533,Dr. Tuna Altuna,LAA,SF,FP,S,Left,CF,LF,RF,/u/AdrianANH,jimmyANH#2297,53
162,Whit Merto,LAA,BC,BB,S,Right,RF,CF,,/u/robertwhitmer,Whitmerto#1477,53
389,Peter Peckershine,LAA,BC,1B,,Right,RF,CF,LF,/u/Mobbin,Mobbin#8888,53
135,Lloyd Gross,KCR,XB,BS,H,Left,PH,,,/u/Cringe23,CringE#0294,13
3,Syd Kidd,KCR,BN,EG,B,Left,P,,,/u/MNSyd,Syd#6611,53
130,Mongy Whumpus,KCR,1B,TD,H,Left,P,,,/u/Zephaerus,Cole#0004,53
148,Chipper Dipper,KCR,MH,NT,B,Right,P,,,/u/IEatTranslations,BigDaddy#3926,53
1820,Ulysses Rove,KCR,SM,WC,H,Right,P,,,/u/sargon3663,bsfvcv#3099,53
129,Hayden McCloud,KCR,XB,WC,S,Left,C,3B,,/u/teamcrazymatt,DNOMN8R314#3108,53
132,Carlos,KCR,WC,WC,H,Left,C,3B,LF,/u/Sickboy2212,,53
1772,"Adrian ""Pudge"" Young",KCR,MH,,,Right,1B,LF,,/u/TheHeelHawks,The Heelski3#8381,53
2242,Wonder Francoh,KCR,XB,,,Right,1B,3B,,/u/josh30601,JoshTheJew#6026,53
137,Teo Jones,KCR,S,BS,B,Right,2B,SS,RF,/u/creeperfilms,creeperfilms#1576,53
2220,Dogwood Maple,KCR,XB,BF,B,Right,2B,SS,,/u/dogwoodmaple,dogwoodmaple#1747,53
493,Mutton Happleburth,KCR,BP,,,Left,3B,2B,C,/u/magnusarin,magnusarin#5327,53
176,Fernando Cruz,KCR,BP,,,Right,LF,RF,,/u/jlh2b,jlh2b#5197,53
140,Rob Patterson,KCR,EN,,,Left,CF,LF,,/u/pappy96,Pappy96#6436,53
1776,Nicholas Fouss,KCR,S,NH,H,Left,CF,RF,,/u/superfish1205,superfish1205#0344,32
1949,Davoin Shower-Handel,KCR,BC,,,Left,CF,RF,,/u/sezenack,sezenack#9723,53
128,Ethan Franklin,KCR,1B,,,Right,RF,CF,,/u/efranklin13,ethan#4765,23
117,Harry Peritestes,HOU,1B,EG,H,Right,PH,GM,,/u/Huskie1997,jpulto#5252,13
109,Derek Bongiovanni,HOU,1B,FP,B,Right,P,,,/u/MiguelSlamdujar,Dbon#2576,23
111,Thomas Beowulf Jr.,HOU,SM,BS,B,Left,P,,,/u/analogboy56,,53
112,Willoughby Hoose,HOU,BC,TT,H,Left,P,,,/u/Woozy_Woozle,Woozy_Woozle#3860,53
258,Ty Palmatier,HOU,SM,NT,H,Right,P,,,/u/Jagsfootball51,Jags#3155,53
108,Sam Wood,HOU,BC,BS,S,Left,C,1B,,/u/brownspectacledbear,Wilbur Forrester Wood#1106,33
114,Rocco Rudnikov,HOU,HK,BF,B,Right,C,3B,,/u/BrockSlamson,BrockSlamson#3715,33
1734,Streetlamp LeMoose,HOU,EN,TD,S,Right,2B,1B,,/u/nickjohnson92,streetlamplemoose#9796,52
2241,Johnny Omar,HOU,1B,,,Right,2B,RF,,/u/sportsfanvideojunky,KobeInDisney 1/26/2020#3842,53
119,Ola Gjeilo,HOU,1B,,,Right,SS,2B,,/u/munkysnuflz,munkysnuflz#2695,53
1746,Patty Ice,HOU,1B,,,Right,SS,2B,,/u/PattyIce30,,53
118,Luap Renraw,HOU,1B,,,Right,3B,SS,,/u/ruffyen,LuapRenraw#0693,53
501,Fuzzy Spit,HOU,XB,,,Right,3B,SS,,/u/Exile_The_Fallen,Purity V#4923,53
122,Riles McGiles,HOU,EN,,,Right,LF,1B,,/u/Riles_McGiles,RilesMcGiles#3103,53
1792,Simba Martinez,HOU,S,,,Right,LF,1B,,/u/Sgtbuttercup,Fartzillla#7514,53
2243,Matthew Paul,HOU,MH,,,Right,LF,RF,,/u/1UndercoverUser,Matty#7478,53
125,Triston Uzumaki,HOU,BP,BS,H,Right,CF,RF,SS,/u/talknojutsu312,,53
520,Iama Human,HOU,HK,TT,H,Left,CF,RF,,/u/chainburn,Human?#4150,53
126,Rex Kidobi,HOU,BC,,,Left,RF,CF,3B,/u/Darkacez44,Agent207#3628,53
474,Xerxes Dalin,DET,SF,BF,H,Left,PH,,,/u/TheChillinPill,Chill#1991,13
92,Dick Woolridge,DET,BP,BS,B,Right,P,,,/u/Nolar2015,,53
198,Icna Comit,DET,S,TD,S,Left,P,,,/u/Beasting123,Almy#0569,53
527,Jack Yakker,DET,WC,NH,B,Right,P,,,/u/Hoagie7,hoagie#0340,53
553,Alexander Hamilton II,DET,1B,BS,H,Right,P,,,/u/SorokasNeck,Roxas#6666,52
786,Hunter Scott,DET,TT,TT,H,Right,P,,,/u/pikaispikachu9,I'll change this later#0923,53
1956,vladimir putin putin,DET,SM,BS,H,Left,P,,,/u/Oscartheastro,A gang#4127,53
1824,Ax Finesse,DET,TT,,,Right,C,3B,,/u/chriskol,AxFinesse#3281,53
97,Buck Armstrong,DET,BP,,,Right,1B,3B,SS,/u/farway2000,farway#3304,53
99,Tyler Phoenix,DET,SM,,,Right,1B,3B,,/u/Touchdownmike55,Touchdownmike55#5831,53
546,Cal Otter,DET,1B,,,Left,1B,LF,C,/u/CalOtter,CalOtter#4623,53
100,Merodach Baladan,DET,1B,,,Right,2B,SS,LF,/u/ghostelephant,ghostelephant#6650,53
103,Mason Spurs,DET,BC,NT,S,Left,SS,2B,3B,/u/miasanspurs,,53
663,Oni R1,DET,BN,,,Left,SS,CF,,/u/Kingofonistyle,OniR1#1092,53
1728,Scott Medge,DET,TT,,,Right,3B,2B,,/u/YouveBeenDeuced,,53
1797,Mike Unt,DET,SF,,,Right,3B,2B,,/u/andy_q8,andy_q8#9166,53
104,Morris Deratt,DET,BN,,,Left,LF,RF,2B,/u/debater3301,debater3301#5782,23
106,Sevag Vapor,DET,BC,,,Right,CF,LF,,/u/savagevapor,,53
1710,Chase Hillinger,DET,MH,,,Right,CF,RF,,/u/ChaseH9499,Chase#5067,53
107,Otis Nixon Sr.,DET,MH,,,Left,RF,CF,,/u/almostthenewestdad,,53
183,Valeria Lisova,CWS,XB,NH,S,Left,PH,,,/u/LocksTheFox,,13
220,Charles Magnus,CWS,BP,BS,S,Right,P,,,/u/CharlemagneOfTheUSA,,33
325,Caleb Athen,CWS,BP,BS,H,Left,P,,,/u/Darkhelmet5527,,53
788,JZ,CWS,SM,WC,S,Right,P,,,/u/Jzkitty21,JZKITTY#3143,43
812,Etsuko Rune,CWS,XB,EG,S,Left,P,,,/u/MantoRune,Emi#7297,53
1786,Sleve McDichael,CWS,WC,BF,H,Right,P,,,/u/entenduintransit,megalo#7735,53
149,Petra Sabor,CWS,WC,,,Left,C,3B,,/u/petralikesbaseball,,53
151,Indy Sayne,CWS,BC,,,Right,C,1B,3B,/u/Museamaniac,museamaniac#3390,53
397,Stella Adams,CWS,BP,,,Right,C,3B,,/u/chaahps,Chops#3995,53
1715,Dinglebop McKringleberry,CWS,1B,,,Right,2B,SS,,/u/Unionyoshi,unionyoshi#8771,53
513,Johnny Hustle,CWS,BP,FP,H,Right,SS,2B,,/u/iusethisatwrk,iusethisatwrk#9287,53
363,Supreme Asslord,CWS,1B,,,Left,3B,2B,SS,/u/pianoboner44,pianoboner44#8464,53
2221,JC Nicholson,CWS,WC,,,Right,3B,2B,,/u/JacieMHS,JacieMHS#7264,53
2239,John-Rhys Ealy,CWS,WC,,,Right,3B,LF,,/u/dutifullypurple,,53
277,Becky McBadbat,CWS,WC,,,Left,LF,RF,CF,/u/madelyncr,,53
2244,Revant Avenir,CWS,WC,,,Right,LF,RF,,/u/Lmath037,,53
178,Hannah Outlaw,CWS,BN,,,Left,CF,RF,,/u/theshinymew64,AWildHannahAppeared#3538,53
347,Lily Pink,CWS,1B,BS,H,Left,CF,LF,C,/u/uncloyed,,53
54,Katia W√∂lfe,CWS,EN,EN,B,Left,RF,CF,,/u/canuckdude22,holly wants a cracker#3019,53
73,Jack Alpha,COL,BN,BB,B,Right,PH,,,/u/androidsen,androidsen#8466,13
75,Garrett Evans,COL,BC,BS,B,Right,P,,,/u/legacy3233,legacy3233#2024,53
76,Hank Murphy,COL,1B,BS,S,Right,P,,,/u/squishfacethegloop,Hank Murphy#4997,53
535,Donkey Kong,COL,BC,BS,B,Left,P,,,/u/Send_Me_Otter_Pics,Gazebo#5595,53
1953,Dan Gerzone,COL,1B,BS,B,Right,P,,,/u/2Close_4Missiles,Dan_Gerzone#5414,53
1810,Jason Varitek,COL,SM,,,Right,C,3B,,/u/Frostcrest,"Jason 'Nickname' Varitek, C/3B#4401",53
1814,Mo Jungo,COL,XB,,,Right,C,3B,,/u/TheLastBison,MoJungo#6335,53
2,Rub A. Chikin,COL,BP,,,Left,1B,LF,,/u/rubachikin,acash#8277,53
80,Steel Pipe Simpson,COL,BP,,,Left,1B,LF,,/u/ClintonBalls,alch233#8995,53
81,Dick McScrotington,COL,BC,,,Left,2B,SS,,/u/ConstantQuarreling,,53
82,Juan Diego De Las Rosas,COL,1B,,,Right,2B,SS,,/u/Dancingtree444,,53
1798,Pedro Cerrano-Spaz,COL,S,,,Left,2B,SS,LF,/u/BtSpaz,BtSpaz#5064,53
84,Henrik Omega,COL,BP,FP,S,Left,3B,SS,,/u/tomas3345,Big Bossuru#1370,53
1800,Kirby Birch,COL,WC,,,Right,LF,RF,,/u/allomanticpush,allomanticpush#7399,51
265,Mr.  Miyagi,COL,BC,BS,H,Left,CF,RF,,/u/mile114,mile114#1245,53
620,Edward Duncan,COL,BP,BS,S,Right,RF,CF,,/u/ESCMalfunction,ESCMalfunction#3577,53
1742,David Roidtiz,COL,TT,,,Right,RF,1B,,/u/BillNyeTheSportsGuy,CameronEvans_#9828,53
675,Speedo Meter,CLE,S,TD,B,Right,PH,,,/u/EricS53,EricS53#2544,13
5,Y.E. Wally,CLE,TT,WC,H,Right,P,,,/u/whywebuildthewall,Y. E. Wally#8208,53
1686,Dillon Cheer,CLE,SF,NT,H,Right,P,,,/u/Absolutely-fat,da_dman172#1801,53
1767,Ace Sputley,CLE,BP,BF,H,Right,P,,,/u/StrawMight,,53
1961,Gray Goose McGillicuddy,CLE,S,EG,H,Right,P,,,/u/Ramicus,Judah#1924,53
326,Chaz Gorbachuck,CLE,S,,,Right,C,3B,,/u/PrankishPoet,Poet#0643,53
564,Nate Kondylis,CLE,XB,,,Right,C,1B,RF,/u/phillygear3,therealnc3#6233,53
1826,Jimmy Haase,CLE,BP,,,Right,1B,3B,,/u/TrashWithLimbs,TrashWithLimbs#9463,53
648,Randy Townsend,CLE,MH,,,Right,2B,1B,SS,/u/a_vaught,wowthatwaseasy#1003,53
1756,Speedy Claxton,CLE,S,,,Right,2B,RF,,/u/VirtualFront,mezzymezz#0156,53
639,Bingo Hammersmith,CLE,WC,,,Left,SS,CF,RF,/u/Weighthewedge,vinylsneverdie#3324,33
539,Stubby Footman,CLE,BN,,,Right,3B,2B,,/u/saxaddict14,Stubby Footman legendary 2B#4879,53
1748,Sweet Bobby Dangles Jr,CLE,XB,EN,H,Left,3B,2B,,/u/Brother_Bear_001,BrotherBear002#3803,23
1760,Anita Shower,CLE,WC,,,Left,3B,LF,,/u/DoctorFlannel,,53
1802,Mantis Toboggan,CLE,BP,,,Right,3B,LF,,/u/ItsPittz,ItsPittz#1592,53
780,Matt Taylor,CLE,BC,,,Right,CF,RF,,/u/matt__17,Matt17#9409,53
1738,Leroy Hawk,CLE,1B,,,Left,CF,LF,,/u/pbjsandwich2,Lrauq#7908,53
46,Jackson Sanchez,CIN,SF,NT,H,Right,P,,,/u/False-Skepti-X,False#1998,53
196,Big Nutty,CIN,WC,WC,B,Right,P,,,/u/PrinceCrinkle,aidanfergie#6616,53
321,Richard Saks,CIN,SM,BS,H,Right,P,,,/u/Minoripriest,Minoripriest#3969,53
1692,Tristan Leung,CIN,BN,TT,S,Left,P,,,/u/TriAsian,Tristan#7232,53
41,Thaddeus Gomorrah,CIN,BC,,,Right,C,3B,2B,/u/ThaddyG,mrgom#7901,53
323,C.J. Yantzi,CIN,SF,,,Right,C,3B,1B,/u/11th_Plague,11th_Plague#5659,53
257,Hingle McCringleberry,CIN,EN,,,Left,1B,3B,2B,/u/tress10,tress10#2431,53
36,Jose Canyousico,CIN,WC,FP,H,Right,2B,LF,1B,/u/Socc13r37,Socc#0001,53
48,Willow Briansdottir,CIN,WC,,,Right,2B,RF,SS,/u/jokullmusic,joks#1212,53
580,Derek Tombides,CIN,EN,,,Right,2B,SS,RF,/u/OCSC_Dylan,Scout#4585,53
159,Vigolashi Dongeroso,CIN,S,,,Left,SS,CF,,/u/matthewwb,Smatt#8464,53
45,LaPrince Frye,CIN,BC,,,Right,3B,SS,CF,/u/revilingneptune,LaPrince Frye#5785,33
490,Zelk Antilles,CIN,SF,EN,H,Left,3B,LF,,/u/CaptainSolo96,CaptainSolo96#0006,31
50,Blandon Brade,CIN,BP,,,Right,LF,1B,C,/u/ChiaTiger,Lattimore_Island#9939,53
335,Chris Yukine,CIN,WC,,,Left,CF,RF,,/u/tokai-yukine,Tokai#9476,53
55,Rick McLightning,CIN,BN,,,Right,RF,1B,3B,/u/evan466,evan466#5033,33
698,Shirley Sir,CIN,BC,,,Left,RF,CF,C,/u/SoneRandomUser,SoneRandomPerson#7730,43
1691,Late Train Dave Vein,CIN,MH,,,Right,RF,1B,,/u/Fartbutt12358,Fun Is ‚àû#7461,53
63,Michael Ikenberry,CHC,SM,BB,B,Left,PH,,,/u/JoBe2413,JoBe#2414,13
59,Velvet Scarlatina,CHC,1B,NT,H,Right,P,,,/u/Huskerfan90001,,53
70,Ducci Verducci,CHC,MH,EG,S,Left,P,,,/u/CoolCoolCoolidge,HandyManning#6002,53
74,Einhorn,CHC,SF,TT,H,Right,P,,,/u/Einhornfarm,Einhornfarm#8922,53
729,Scrub Magooch,CHC,WC,FP,H,Left,P,,,/u/Beanzz_,,53
1962,Declan Decanter,CHC,1B,FP,S,Right,P,,,/u/SamuelDarnold,Declan#0676,53
377,Isaac Saffron,CHC,1B,WC,S,Left,C,1B,,/u/izsaf,izsaf#9638,53
516,Blackbean Burrito,CHC,1B,EG,H,Right,C,3B,RF,/u/TheDuckyNinja,busterducks#2217,43
1801,Doc Dockgoose,CHC,BN,TT,H,Left,C,1B,,/u/Spermicles,Doc McBiggins - C/1B#9426,52
67,Leonard Boyfriend,CHC,1B,NT,H,Left,2B,RF,,/u/iunnolol,iunnolol#0747,53
68,Erin Pickles,CHC,WC,,,Right,2B,SS,C,/u/erindizmo,erindizmo#9665,53
155,Nikki Falke,CHC,BC,,,Left,2B,1B,,/u/F117Nighthawk,F117Nighthawk#9799,53
522,Good Doggo,CHC,BC,EG,S,Right,2B,RF,,/u/FlamboDoggo,DisGoofMcGundy#6469,33
719,Nikola Tefla,CHC,1B,FP,S,Left,SS,CF,,/u/Feronin,Feronin#7679,31
1793,Hamish McSmashithard,CHC,XB,,,Left,SS,CF,,/u/theOGPretender,Hamish Macsmashithard SS XB#5541,53
2230,Garfield Chubbs,CHC,BP,,,Right,3B,LF,,/u/htb24,Honest Dave#3740,53
71,Miroslav,CHC,BC,FP,S,Right,CF,LF,,/u/nikolaer_,nikolaer_#0556,33
72,Bubba McCali,CHC,XB,,,Left,RF,1B,,/u/BMillz_Reddit,BMillz#0546,53
21,Silver Edgeworth,BOS,BP,BF,B,Right,P,,,/u/Eddytarr,SilverEdgeLord#9453,53
471,Frank Rivers,BOS,SM,BF,S,Right,P,,,/u/Redditor_1022,Kowboy#5334,53
585,Thatisno Pinettar,BOS,SM,WC,S,Left,P,,,/u/Activefou,Canary#0862,53
1825,Jerry Ricecake,BOS,BN,BS,H,Right,P,,,/u/CrazyWizard99,Jamar Lackson#6969,53
24,Nate Lewis,BOS,BC,,,Right,C,3B,1B,/u/SonicRainboom13,,33
813,Tendaji Okoye,BOS,EN,,,Left,C,3B,,/u/lakers4life1214,RockM888#6275,53
728,Jeremy Carolina,BOS,XB,,,Right,2B,SS,,/u/DajBrave,Jeremy Legend#2498,53
1704,Jeffrey Salmon,BOS,BC,,,Right,2B,RF,3B,/u/davek0,SpottedSnowBear#9950,53
1808,Cap Keeler,BOS,XB,WC,S,Right,3B,SS,,/u/ClubKiller,bob124#6969,52
1844,Ioe Torrent,BOS,HK,WC,H,Right,3B,2B,,/u/skindog44,Ioe#4493,33
367,Buzz Schwinghammer,BOS,BP,,,Right,CF,RF,,/u/chillkiller123,chillkiller#4014,53
622,Delta Airlines,BOS,1B,,,Left,CF,RF,SS,/u/tim696969,TMl2pbb#3022,53
1842,Haloick Oasis,BOS,S,NT,B,Left,CF,LF,,/u/Haloick,Haloick#0263,33
18,Jordan Peppers,BOS,1B,FP,H,Right,RF,1B,3B,/u/bacon__sandwich,raptor152#0431,53
34,Dixon Uraz,BOS,S,1B,H,Left,RF,CF,,/u/club_toasty,club_toasty#4313,13
1958,Reggie Stocker,BOS,BP,,,Left,RF,1B,,/u/Reggie_Stocker,Psyvoyant#1297,53
32,Larry Longshot,BAL,TT,FP,H,Right,PH,,,/u/TrickyTroy2,TrickyTroy2#3950,13
166,Lefty Louis,BAL,SF,FP,S,Left,P,,,/u/lewislewes,lewislewes#3447,53
605,Sini Alexander,BAL,1B,WC,H,Right,P,,,/u/PM_ME_YOUR_JOYS,Siniarus the Otter#1050,53
1687,Steven Seagal,BAL,MH,FP,H,Right,P,,,/u/MrFluffykinz,tzlcenturion#5013,53
1703,Harry McPotterson,BAL,WC,BF,H,Left,P,,,/u/Boliestro,Holo_Icy_Holo#9537,53
570,Deku Matsui,BAL,BC,BS,H,Right,C,1B,,/u/zman2143,KrazyPolishBoy#6897,53
762,Legend 27,BAL,1B,,,Right,C,1B,,/u/Bighump1,,53
1957,Kris Pcock,BAL,SF,,,Left,C,3B,RF,/u/AtrainW911,Atrain#1657,53
488,Juni Panda,BAL,SF,TT,H,Left,1B,3B,,/u/Juniped,,53
22,Snoop E. Dogg,BAL,XB,NT,B,Right,2B,SS,,/u/xbijin,xbijin#3776,51
529,Wheeler Walker Jr.,BAL,BC,EG,S,Left,2B,SS,RF,/u/Not_Really_Jon_Snow,DefinitelyWheeler#4417,53
29,Eric Leeder,BAL,SF,BS,B,Right,SS,2B,,/u/Epipen101,Pizzotes#6041,53
2236,Sticky Mickey Mantle,BAL,BP,,,Right,SS,CF,,/u/ryanthegreat1reaves,Sticky Mickey#7946,53
596,Poop McGee,BAL,XB,BS,H,Left,3B,2B,,/u/Am3yankees3,Andrew3#2319,43
213,Jack Marnette,BAL,1B,,,Right,LF,RF,,/u/jmarnette,jmarnette#1828,53
1768,Cam Caminiti,BAL,TT,,,Right,LF,1B,,/u/HallMonitor_20,Hallmonitor_20#2799,53
723,Vinny Vega,BAL,SF,NT,S,Right,CF,RF,,/u/vinnymac44,Vinny#3614,33
649,Nelson Van Halen,BAL,HK,TT,B,Right,RF,CF,,/u/radpoolparty,igobyt#9378,53
218,Thomas Beowulf,ATL,WC,BS,S,Left,P,,,/u/Tbeowulf,tbeowulf#3297,13
219,Chris Orosz,ATL,WC,EG,B,Right,P,,,/u/Aenir01,Aenir#5228,53
802,B.a. Dickey,ATL,S,NH,S,Left,P,,,/u/Fetchwell,fetchwell#5521,53
1838,Brian Taylor,ATL,SM,TD,H,Left,P,,,/u/gamr1021,baseballboy7521#4987,52
6,Xavier Quinn Jr.,ATL,BP,,,Right,C,3B,,/u/jetman999,Jetman999#6695,53
720,Dick Pole,ATL,MH,,,Right,C,1B,,/u/wblewis45,Wblewis45#7778,53
216,Petetholomew Preller,ATL,1B,EG,B,Left,1B,LF,,/u/benevolentantagonist,xxBubblegumxCrisisxxü¶ï#1337,53
416,Dallas Houston,ATL,BP,,,Right,1B,3B,,/u/mbless1415,mbless1415#6210,53
1723,William Lloyd Garrison,ATL,XB,,,Right,1B,3B,,/u/AndrewCib123,AndrewCib#6206,53
661,Lincoln Lincoln,ATL,WC,,,Right,2B,RF,CF,/u/DoubleLincoln,,53
731,Sammy Tee,ATL,S,NT,H,Right,2B,SS,,/u/Squizzykins,delusionoodle#7717,53
541,cocloctopus ikenmouseman,ATL,BN,EG,S,Left,SS,CF,,/u/JascosRS,rongboy#8588,53
2213,Michael Williams,ATL,S,,,Right,SS,2B,,/u/WorldyTrip54,alrightythen#5952,53
499,Nick Papagiorgio,ATL,EN,,,Right,3B,SS,,/u/NoFuchsGiven42,,53
502,Johnnie Twofingers,ATL,1B,TT,H,Right,3B,2B,,/u/Zpheldin,Zpheldin#4429,33
1762,Shogun Of Harlem,ATL,WC,,,Right,3B,LF,C,/u/Mcjome,ShogunOfHarlem#1055,53
1752,Brian Talapia,ATL,BP,,,Left,CF,RF,,/u/Ducksanddonkeys,,53
1817,Babraham Thincoln,ATL,BP,,,Left,RF,1B,,/u/SawHadersImmaculate,pppaul317#8689,53
651,Rusty Nails,ARI,SM,NT,S,Left,PH,,,/u/UmperorPalpatine,howiejriii#0001,13
4,Chip Otle,ARI,MH,BS,H,Left,P,,,/u/Mcastagnaro30,mcastagnaro30#2558,53
233,Johnny Dickshot,ARI,S,EG,S,Right,P,,,/u/NumberOneDork,Number1Dork#7344,53
702,Jacky Wacky,ARI,EN,TT,H,Left,P,,,/u/jackvd_,jackvd#1878,53
777,Jaeger Ward,ARI,BP,BS,B,Right,P,,,/u/bigballsbaseball,Jaeger Ward#5120,53
1777,Alexander West,ARI,TT,TT,B,Left,P,,,/u/DemBonez665,DemBonez#7442,33
497,Theodora DiBiaserunner,ARI,EN,,,Right,C,3B,CF,/u/aPaperFastener,aPaperFastener#0084,53
602,Duke Silver,ARI,WC,BS,B,Right,C,3B,,/u/Klove4252,Klove4252#2496,31
241,Jay Money,ARI,HK,,,Right,1B,LF,,/u/iJayMoney,TFiC#6007,53
1832,John Valor,ARI,BP,EG,H,Right,1B,3B,,/u/Chase1738,ValorX77#5210,53
1959,Frankson Ahtra,ARI,BC,,,Left,1B,LF,,/u/TheOperaLovingGreek,theoperalovinggreek#2427,53
743,Festus Ezeli,ARI,1B,,,Right,2B,SS,,/u/drewandpedey,Quinn#9189,53
1963,Pete Parker,ARI,XB,,,Right,SS,CF,,/u/Jsteele1423,jsteele14#6164,53
705,Viktor Patterson,ARI,1B,EN,B,Right,3B,LF,C,/u/Soyrman,soyrman#7767,32
776,Rey Revanchist,ARI,HK,BS,H,Right,3B,SS,RF,/u/Deathwing_Dragonlord,Reno#1997,53
2222,Not From Wisconsin,ARI,XB,,,Right,3B,SS,,/u/Philliesphan96,Philliesphan96#5773,53
540,Cockus Mclong,ARI,BC,,,Right,CF,RF,C,/u/PanicCiti,AdamLip1334#3468,53
778,Tyler Pylon,ARI,1B,,,Left,CF,LF,,/u/NSAPHI,DG#3193,53
1722,James Jameson LXIX,ARI,1B,,,Left,CF,RF,,/u/JamesDaBatman,jms#1306,53
227,Cal Lidous,,SM,NH,H,Right,PH,,,/u/Mlfblidous,,53
263,Rapid Eagle,,MH,TD,H,Right,PH,,,/u/Rapideagle,,53
267,JP Panik,,BC,,,Left,PH,,,/u/JP1704,,53
339,Isaac Snowbender,,BC,TT,H,Right,PH,,,/u/mvh1015,mvh1015#6260,53
19,Moe Lester,,BC,BF,B,Left,P,,,/u/agrim143,,53
38,Dane Konrad,,BC,BS,B,Left,P,,,/u/Vydda,‚ô† Buffaloef#1805,53
52,Byron Leftwich,,SM,BB,B,Left,P,,,/u/dorkman75,,53
60,Todd Bonzalez,,BN,BF,S,Right,P,,,/u/Slayer_Of_Anubis,,53
61,Whorpus Whiff,,SM,BS,H,Right,P,,,/u/JKMONKEYJK,,53
94,Pete Goldinger,,BC,NH,B,Right,P,,,/u/DelverOfSqueakwets,,53
110,Jerome Garcia,,BC,BS,B,Right,P,,,/u/TurkandJD,Unironic U2 Defender#7767,53
124,Crawdaddy,,1B,EG,S,Right,P,,,/u/GotFlashGoIn,,53
127,Zander Ackley,,TT,BS,S,Right,P,,,/u/ZAndMan3737,,53
195,Swing N. Miss,,1B,FP,S,Right,P,,,/u/haf26,,53
199,Cal Tiberius Jr.,,BN,BF,B,Left,P,,,/u/tiberius-jr,Angryapple#4896,53
200,Lane Clementine IV,,MH,BS,H,Left,P,,,/u/coreyclement_30,,53
201,Teddy Blisblinne,,BN,NH,S,Left,P,,,/u/TeddyMcShreddie,Teddy#5031,53
211,G.H. Morello,,BC,BS,H,Right,P,,,/u/ghmorello,,53
212,Mike Hawk,,BN,BS,B,Right,P,,,/u/Titans55,TexasAMC2022#0880,53
2247,Logan Anderson,,BC,BF,B,Right,P,,,/u/Aki_213,JeomeFromKFC#3481,53
237,Levi Pyram,,BC,BB,B,Right,P,,,/u/livingpyramid,,53
251,Seik Golden,,BC,EG,B,Right,P,,,/u/-seik,golden11535#9194,53
253,Tommy Foxconn,,SM,NH,S,Right,P,,,/u/Tbird4427,,53
275,Richard Northstar,,1B,TT,S,Left,P,,,/u/Strategygameventures,Naki#2555,53
279,Carson McSchellenturd,,MH,TT,S,Right,P,,,/u/Thecrum14,,53
283,Charlie Yeager,,EN,BS,H,Left,P,,,/u/EdgarLOLZ,,53
320,Filet-Mignon Jackson,,SM,NH,H,Left,P,,,/u/Labstercg,,53
322,Sylvester Cinnamon,,SF,BS,B,Left,P,,,/u/BrewCrewBenny,,53
353,Jordon Canning,,MH,FP,S,Right,P,,,/u/JoAdell68,,53
372,Daoud Mata,,MH,TT,H,Right,P,,,/u/kamikazeaa,,53
374,Mike Broson,,SM,NT,S,Right,P,,,/u/Drappina,Drappy#2780,53
376,Wade Wilson,,BN,BF,B,Right,P,,,/u/DiegoG1014,DiegoG#7481,53
412,Caleb Miller,,EN,BF,H,Right,P,,,/u/Miller18,,53
451,T.J. Valencia,,1B,BS,B,Left,P,,,/u/Mr_Big_Boy123,,53
456,Buttholo Colon,,BN,BS,H,Left,P,,,/u/Forgetful_storytellr,,53
464,Bronske Jones,,BN,BB,B,Right,P,,,/u/Kobe8143,LABron#4721,53
495,Oral Nanny,,MH,BS,H,Right,P,,,/u/regardingregards,,53
496,Mike Hunt,,BC,EG,H,Right,P,,,/u/Captnsisko,,53
512,Jeremius Popdilius,,MH,BS,H,Right,P,,,/u/automatedsinks,,53
524,Lawless Gomez,,WC,NH,H,Right,P,,,/u/abedagreat,,53
601,Amides Gall,,WC,BF,B,Right,P,,,/u/Adamize,,53
611,Tom West,,SM,WC,H,Right,P,,,/u/throwawayantelope,,53
624,Geoff Swrd,,SM,BF,H,Right,P,,,/u/captainGeraffe,,53
626,Justin Martin,,BC,BS,H,Right,P,,,/u/JustinQuan,,53
653,Jobert Maclin,,SM,BS,B,Right,P,,,/u/the_smol_tol_bean,,53
656,Maxwell Planck,,WC,EG,B,Right,P,,,/u/quiet_quasar,,53
687,Andrew Reed,,1B,BF,H,Right,P,,,/u/Aierr,eUTHYPhRO#7197,53
718,Richard Hard,,BC,BS,B,Left,P,,,/u/SeriousEffort,,53
742,Pesky Burrito,,1B,FP,H,Right,P,,,/u/PeskyBurrito,Pesky#0007,53
744,Nar Wil,,1B,TT,H,Left,P,,,/u/NarWil,,53
747,Jim Morrison,,WC,WC,B,Right,P,,,/u/Thomas_E_Brady,,53
754,Ferdinand Sea-Bull,,WC,WC,S,Left,P,,,/u/Gwendyl,,53
764,Benjamin Dover,,SM,BF,H,Left,P,,,/u/TheAgonyofCreed,,53
787,Fatih Terim,,MH,TT,H,Left,P,,,/u/engincanr,,53
803,Basic Balanced,,BN,BB,B,Right,P,,,u/mlr14,,53
804,Basic Strikeout,,BN,BS,B,Right,P,,,u/mlr15,,53
805,Basic Finesse,,BN,BF,B,Right,P,,,u/mlr16,,53
806,No Homers,,BN,NH,B,Right,P,,,u/mlr17,,53
807,Flyball Pitcher,,BN,FP,B,Right,P,,,u/mlr18,,53
808,Trust Your Defense,,BN,TD,B,Right,P,,,u/mlr19,,53
1739,Pretzel Pezzullo,,BC,EG,S,Left,P,,,/u/H33uaevj1,,53
1837,Joshua Stott,,BC,EG,B,Right,P,,,/u/zmpitcher02,,53
1966,Rob Pancakes,,BC,BS,B,Left,P,,,/u/RobotPancakes,,53
1976,Alex Jones,,BN,BB,B,Right,P,,,/u/RagingAcid,,53
1979,Ambiorix Madhavapeddy,,BC,BF,B,Left,P,,,/u/ianb605,,53
1997,Lim Tincecum,,BC,BF,B,Right,P,,,/u/Phailadork,,53
2002,Cameron Brate,,BC,BF,B,Left,P,,,/u/HinotamaSoul,,53
2019,Batholemew Masters,,BN,BS,B,Left,P,,,/u/RoyOswaltsTractor,,53
2020,Bartholemew Crumblepuff,,BP,BB,B,Left,P,,,/u/Eulebar,,53
2024,Blaine Bridgestone,,BP,BF,B,Left,P,,,/u/RahBahRebor,,53
2031,Kyle Grimes Jr.,,BP,BF,B,Right,P,,,/u/Slimmestcharles,,53
2034,Marcel Hoffer,,BP,BS,B,Right,P,,,/u/Rather_Queer,,53
2035,Com Copper,,BN,BB,B,Right,P,,,/u/Conbomb95,,53
2049,Jimbob Cooter,,BN,BB,B,Right,P,,,/u/WowzersMcBrowzers,,53
2056,Moritz Steifel,,BC,BB,B,Right,P,,,/u/descole0,,53
2058,Owen Uridge,,BN,BF,B,Right,P,,,/u/camly75,,53
2065,Sonny Streaker,,BC,BF,B,Right,P,,,/u/5unstreaker,,53
2075,Harvey BargepargeS2,,BC,BS,B,Right,P,,,/u/harveyscale,,53
2091,Big Tuna,,BN,BB,B,Right,P,,,/u/machiavellism,,53
2099,Bracton Abella,,BN,BB,B,Right,P,,,/u/Bracto34,,53
2105,Dougie McElroy,,BN,BF,B,Left,P,,,/u/robfs,,53
2111,Cy Hadd,,BP,BS,B,Right,P,,,/u/TheChaddy,,53
2112,Danger Steele,,BC,BF,B,Left,P,,,/u/djarb,,53
2113,Norwood McKenzie,,BP,BS,,Left,P,,,/u/master_synth_hades,,53
2117,Dilly Dilly,,BC,BS,B,Left,P,,,/u/banjobudlight,,53
2129,Tim Burr,,BP,BS,B,Left,P,,,/u/westsidedog,,53
2131,Joey Powers,,BP,BS,B,Left,P,,,/u/tcsprops,,53
2135,Frankie Stickyfingers,,BN,BB,B,Right,P,,,/u/globalabortion,,53
2147,Sal Shark,,BN,BB,B,Right,P,,,/u/TheSalsaShark,,53
2148,Hoagie Sauce,,BN,BS,B,Right,P,,,/u/BNMC0919,,53
2151,Jay Bedia,,BC,BF,B,Left,P,,,/u/jaybedia,,53
2152,Jay Schwizzle,,BC,BB,B,Left,P,,,/u/hinoisking,,53
2155,Joshua Mador,,BP,BS,B,Right,P,,,/u/JMocks,,53
2156,Jarace Walker,,BP,BS,B,Right,P,,,/u/Jven0530,,53
2158,Kawabunga Joe,,BC,BF,B,Right,P,,,/u/sci19,,53
2160,Kent F. Corey III,,BC,BF,,Left,P,,,/u/power448,,53
2163,Pablo Sanchez II,,BC,BB,B,Left,P,,,/u/JE_25,,53
2169,Monique Reampie,,BC,BF,B,Right,P,,,/u/moniquereampie,,53
2176,Ronald Swanson,,BP,BB,B,Right,P,,,/u/RonaldSwanson13,,53
2180,Sloppy Thurston,,BN,BS,B,Right,P,,,/u/woodley8214,,53
2182,Talious Greyoak,,BN,BF,B,Right,P,,,/u/Talious_Greyoak,,53
2184,Villar Porn,,BN,BS,B,Right,P,,,/u/danceswithnarwals,,53
2191,Nina Nuckolls,,BC,BF,B,Left,P,,,/u/Pnamz13,,53
2199,Schlong Schmeckle,,BP,BF,B,Right,P,,,/u/schlongschmeckle,,53
2205,Brady McElroy,,BN,BB,B,Right,P,,,/u/bmacky,,53
2249,Ananias Thomson,,MH,NH,B,Right,P,,,/u/TH3_G3N3RaL,Todoroki is Best Boi#6044,53
23,Michael Voorhees,,BN,,,Left,C,3B,,/u/BigBatInsomniac,BigBatInsomniac#7040,53
40,Heavy Raine,,BP,,,Left,C,1B,,/u/Rain_e_Day,,53
62,Forrest Saathoff,,TT,,,Right,C,1B,,/u/Xx420noskwopexx,,53
77,Buttfart McPoopus,,BP,WC,S,Right,C,3B,2B,/u/Funkmon,funkmon#6228,53
95,Randy Pinkwood,,XB,,,Right,C,1B,,/u/NormalMacdonald,AlexfromEarth#4475,53
96,Miles Morales,,BN,,,Left,C,1B,,/u/Ttundraa,,53
147,Meerkat Timmons,,EN,EG,S,Left,C,,,/u/snicklefritzed,,53
221,Pike Miazza,,BP,,,Right,C,1B,,/u/frankysins,,53
239,Dig Bick,,MH,,,Right,C,1B,,/u/tpc0121,pc0121#9664,53
254,Biff Studd,,TT,,,Right,C,3B,1B,/u/OldManWiggy,,53
255,S. Jay Cutler,,BP,,,Right,C,1B,,/u/Mellam0,mellamo#7982,53
288,Willie Dustice,,TT,,,Left,C,3B,,/u/photomike,photomike#6626,53
351,Buster Hyman,,BP,BS,B,Left,C,3B,,/u/DongerLove,,53
378,Carly Bae,,BC,EG,H,Right,C,1B,,/u/close_,,53
436,Dog Man,,XB,,,Right,C,1B,,/u/gardeningwithciscoe,,53
441,Maxo Caluow,,1B,,,Left,C,3B,,/u/tournedisque,Maxo Caluow#7205,53
458,Jack Kasutori,,BC,,,Right,C,1B,,/u/Kasutori_Jack,,53
469,Dick Cockman,,XB,,,Right,C,3B,,/u/Sgt_Waffle124,,53
470,Deleted Player,,TT,,,Right,C,3B,,/u/Randomtvshow,,53
515,Elwood Blues,,BP,,,Right,C,3B,,/u/normsy,,53
532,Thelonius Jarts,,WC,,,Left,C,3B,,/u/Steelyhobbes,,53
566,Buttmud Brooks,,BP,,,Right,C,3B,,/u/IpleaserecycleI,,53
574,Phoenix Wright,,TT,,,Right,C,3B,,/u/Maresen74,,53
577,H.E. Pennypacker,,WC,,,Right,C,3B,,/u/ArtVandelay_00,,53
586,Sniffer Pownes,,BP,,,Right,C,3B,,/u/Colemanation13,,53
590,Buttington Plugsworth,,BC,,,Right,C,3B,,/u/GrundleDumpster,,53
613,Senior Poopfeast,,WC,,,Right,C,3B,,/u/poopfeast,,53
643,Max Hammersmith,,MH,,,Right,C,3B,1B,/u/Morphenominal,,53
657,Finn Twatenson,,XB,TT,S,Right,C,1B,,/u/McFlint,,53
670,Tank Tucker,,TT,,,Left,C,1B,,/u/hhayes96,,53
685,Yeety Pete,,TT,,,Right,C,3B,,/u/Flywolfpack,Flywolfpack#4945,53
688,Suki Tamagotchi,,BC,,,Left,C,1B,,/u/kevinstel_,,53
699,Richard Cheese Jr.,,S,,,Right,C,1B,LF,/u/Odintar,,53
704,Fyuk Yu,,1B,,,Right,C,3B,,/u/Tha1nfamous,Ports#1008,53
732,Esmerelda Skysurfer,,HK,,,Right,C,3B,,/u/esmereldaskysurfer,,53
766,Zombo Domino,,1B,,,Right,C,3B,,/u/AFA_Falcon1396,,53
1744,Jack Gorillacakes,,BP,,,Right,C,3B,,/u/Jack_Gorillacakes,,53
1747,Benji Lyons,,WC,,,Right,C,3B,,/u/avs962,avs962#0976,53
1750,Jordan Alomar,,BC,,,Right,C,1B,,/u/jslev9,,53
1757,James Charles,,WC,,,Right,C,1B,,/u/PrinterOne34,,53
1780,Mitch Gervowski,,BP,,,Left,C,3B,,/u/blabpth,therealblabpth#5962,53
1782,James Chalmers,,TT,,,Left,C,1B,,/u/twacorbys_09,,53
1791,Guillermo Armadillo,,1B,,,Right,C,3B,,/u/thebaysix,,53
1803,JT Longbottoms,,XB,,,Right,C,3B,,/u/MichaelLum_30,MichaelLum30#8158,53
1804,Bucky Rosotto Jr.,,TT,,,Right,C,3B,,/u/Buckeye_1994,,53
1812,Louie Scoville,,HK,,,Right,C,1B,,/u/RockyBabs,,53
1950,ageosteei,,SF,,,Right,C,3B,,/u/ptchrzira,,53
1977,Alex Yaxley,,BP,,,Right,C,1B,,/u/BIGxM1KE,,53
1982,Art Zyz,,BN,,,Right,C,3B,,/u/Artzyz,,53
2008,William Hatchet,,BC,,,Right,C,1B,,/u/DeepFriedSmokeyCat69,,53
2027,Ronnie Voss,,BC,,,Right,C,3B,,/u/TouchEmAllJoe,,53
2046,George Ewell,,BP,,,Right,C,1B,,/u/consemmae,,53
2073,Mike Anderson,,BC,,,Right,C,1B,,/u/mikea87,,53
2077,T.R. Guthrie,,BN,,,Right,C,,,/u/vinmaskinen,,53
2087,Ravittsu SuramubƒÅto,,BN,,,Right,C,3B,,/u/juststumbledacross,,53
2096,Bobson Dugnutt,,BN,,,Right,C,1B,,/u/ManillaFac,,53
2101,Burt Maclin,,BP,,,Left,C,1B,,/u/BMaclinFBI,,53
2102,C.H. Lee,,BN,,,Right,C,1B,,/u/dadagaja,,53
2128,Twinkie Power,,BN,,,Left,C,3B,,/u/TwinkiePower,,53
2161,Kolko V. Knight,,BN,,,Right,C,1B,,/u/kalicki,,53
2162,Lee De Leon,,BP,,,Left,C,3B,,/u/lnoelde,,53
2166,Lemmy Fraser,,BN,,,Right,C,3B,,/u/woelemm,,53
2167,Methuselah Saltalamacchia,,BC,,,Right,C,1B,,/u/kloc-work,,53
2173,Patrick Stump,,BP,,,Right,C,3B,,/u/stumpy3196,,53
2181,Spaghetti Hitchens,,BN,,,Right,C,3B,,/u/spaghetti_hitchens,,53
2185,Vlad III,,BN,,,Right,C,1B,,/u/Ostrich_Mr,,53
2195,Quin Mo-Lac,,BN,,,Left,C,3B,,/u/yaboiquin,,53
2198,Vince Monster,,BN,,,Left,C,3B,,/u/stogie13,,53
2204,Minyi Liu,,BP,,,Right,C,,,/u/minyiliu,,53
2217,John Nitro,,TT,,,Right,C,3B,,/u/-seik,,53
2252,Mike Litoris,,BC,,,Left,C,3B,,/u/fai2k,,53
25,Rusty Shackleford,,HK,,,Left,1B,3B,RF,/u/BruceHopper,,53
43,Jose Jose-Jose,,MH,,,Right,1B,3B,SS,/u/rileymoogoo,,53
64,Biggie Moonshota,,BP,,,Left,1B,,,/u/DailyBugleNewspaper,gore bitch#6052,53
98,Kenneth Moore,,BN,,,Left,1B,3B,,/u/km0re,KM0re#4980,53
115,B.B. Bambino Jr.,,SM,,,Right,1B,3B,,/u/BBfriendshipexpress,,53
136,Tyler Gordon,,S,EG,B,Left,1B,LF,,/u/Worldsgame19,,53
153,Dallas Hamilton,,S,,,Right,1B,LF,,/u/King_Of_Dukeland,DukeTheDuke#5320,53
185,Antonin Periwinkle,,XB,,,Left,1B,LF,C,/u/Insendius,,53
222,King Fielder,,BP,,,Right,1B,LF,,/u/Nerdfighter1174,Hummus#4987,53
240,Doob Tuber,,XB,TT,H,Left,1B,LF,RF,/u/doob26,doob26#7858,53
292,Scottish Tweegy,,BC,,,Right,1B,3B,SS,/u/tweegyjambo,tweegyjambo#1566,53
328,Forehead Jones,,MH,,,Left,1B,LF,,/u/toxic4Head,,53
356,Clip Toller,,BP,,,Left,1B,,,/u/Flyingtista,flyingtista#0138,53
398,Doughy Blobbo,,WC,,,Right,1B,3B,,/u/flyer1985,,53
434,Charles Moore,,HK,,,Right,1B,LF,,/u/qupax,,53
449,Deirf Smith,,XB,,,Left,1B,LF,,/u/DEIRF,,53
453,Red Trapper,,MH,,,Left,1B,LF,,/u/redbird_squirrel,,53
482,Oil Can Titcomb,,XB,,,Right,1B,3B,,/u/Totschlag,,53
503,Radio Head,,BC,,,Right,1B,LF,,/u/GuruFA5,,53
506,Kanye East,,XB,,,Right,1B,LF,,/u/perpetualpies,jpayne#8787,53
508,Otis Falconer,,XB,,,Left,1B,LF,,/u/xWITCHINGHOURx,,53
538,Reuben Sand-Witch,,1B,,,Left,1B,LF,,/u/1-800-CAT-ANUS,,53
568,Lenny Van der Bakker,,TT,,,Right,1B,3B,,/u/Keith_turban,,53
628,John Lindros,,EN,,,Left,1B,3B,,/u/SigBox,,53
642,Rod Stewart,,1B,,,Left,1B,3B,,/u/lava172,,53
658,Qwerty Jenkins,,BP,,,Left,1B,3B,,/u/Meatballpyramid,,53
659,Johnny Brujo,,BP,,,Left,1B,LF,,/u/VividVeracity,,53
660,Carlos Keller,,1B,,,Right,1B,3B,,/u/finnabagit,,53
673,Jay Cooper,,TT,,,Right,1B,LF,,/u/ProofAfternoon,,53
684,Dalton Steever,,BP,,,Left,1B,3B,,/u/84Gothamrogues,,53
690,Garlick Bread,,S,,,Left,1B,LF,,/u/ElectricD0lphin,,53
1688,Sal Grommet,,XB,,,Right,1B,LF,,/u/Molittle69,Molittle#0814,53
1690,Drax Frost,,1B,,,Left,1B,3B,,/u/FrostbiteB5,,53
1702,Hilikus Kesyr,,BN,,,Right,1B,3B,,/u/TheParadoxParade,,53
1727,Dash Supernova,,BP,,,Right,1B,3B,,/u/safan12,,53
1741,Kaladin Batblessed,,TT,,,Right,1B,LF,,/u/ausar999,,53
1783,Boomer Magruder,,MH,,,Left,1B,3B,,/u/Grubster11,,53
1831,Norii Aru,,1B,FP,B,Right,1B,2B,,Ocelot_Tuga,,53
1839,Cooper McBurney,,WC,,,Right,1B,LF,,/u/Coopstar200,SpicyMeatloaf#6062,53
1944,Jack Jackson,,BP,,,Left,1B,3B,,/u/3rarper234,,53
1946,Hal Kennedy,,BP,,,Right,1B,3B,,/u/thesumofallparts,,53
1948,Thor Gannon,,MH,,,Right,1B,3B,,/u/purpmonster,,53
1965,Dominick Vielbaum,,BP,,,Left,1B,3B,,/u/nop990,,53
1967,Hans Goober,,BC,,,Right,1B,3B,,/u/TheSilverSoap,,53
1990,Cannonball Dickerson,,BC,,,Left,1B,3B,,/u/Farley_M,,53
2003,Gristle Thornbody,,BN,,,Right,1B,,,/u/mapleleaftree27,,53
124,John Cheenah,,BP,,,Left,1B,LF,,/u/Killslayer55,,53
2023,Bingo Bongo,,BC,,,Right,1B,3B,,/u/dunkchai,,53
2051,Bo Kinsella,,BN,,,Right,1B,LF,,/u/BuiltForGirth,,53
2063,James Maso,,BN,,,Right,1B,,,/u/jamaso21,,53
2085,Filthy Frank,,BP,,,Left,1B,3B,,/u/CardsTricks42,,53
2089,Valentino Rollin,,BP,,,Right,1B,3B,,/u/rollinvl,,53
2103,Caleb VanVacter,,BC,BF,B,Right,1B,LF,,/u/cvanvacter77,,53
2106,Cesar Saladen,,BP,,,Left,1B,3B,,/u/Hawksteady,,53
2123,Fat Batter,,BP,,,Left,1B,LF,,/u/KevinFielder,,53
2125,Travis Hanky,,BN,,,Right,1B,,,/u/TCHankies,,53
2132,I.M. Organic,,BP,,,Right,1B,LF,,/u/Reverse-I_am_Organic,,53
2133,Jaco Banaco,,BC,,,Right,1B,3B,,/u/Jaco927,,53
2142,Poo Diego,,BN,,,Right,1B,3B,,/u/yusuf69,,53
2159,Ace Acel,,MH,,,Left,1B,LF,,/u/moparracer15,,53
2186,Lefty Schweez,,BC,,,Left,1B,LF,,/u/schweezey,,53
2226,Miklu  Vitun,,S,,,Left,1B,3B,,/u/enolerobottii,,53
2248,Brussel Ranyan,,TT,,,Left,1B,3B,,/u/G2019,G2019#0639,53
2253,Phillips Mahooters,,1B,,,Left,1B,LF,,/u/zaran_peer12,,53
7,Tony McGooch,,S,,,Right,2B,SS,CF,/u/lawlrhus,,53
8,Will Power,,BN,,,Right,2B,SS,,/u/BearGuru,,53
26,Ben Beezle,,WC,,,Right,2B,SS,C,/u/B0ndzai,,53
44,Kimberly Jongun,,WC,,,Right,2B,SS,,/u/Joshwin01,,53
83,Les Dee-Ache,,WC,,,Right,2B,SS,RF,/u/Icacium,icacium#7906,53
154,Mac Aves,,XB,,,Left,2B,RF,,/u/Snavery93,,53
156,Owen Thirlwell,,BC,,,Right,2B,SS,1B,/u/KabooshWasTaken,,53
171,Clipper Charge,,BC,,,Right,2B,SS,,/u/ClipDodgeCharge,,53
224,Trey Rangers,,BN,,,Right,2B,SS,,/u/TheThreeRangers,,53
225,Zachary Benz,,EN,,,Left,2B,SS,,/u/yoonlee13,,53
261,walnuts labonte,,1B,,,Right,2B,RF,3B,/u/Toastiify,,53
294,Dwendle Van Hammersmith,,1B,,,Right,2B,SS,,/u/Pieladin,,53
306,Foxx Dashington,,XB,,,Right,2B,RF,,/u/thedashingfoxworking,,53
311,Buckeye Logan II,,BC,,,Right,2B,SS,RF,/u/PrinceofPasta,Buckeye Logan#4588,53
312,Splash Nelson,,1B,,,Right,2B,SS,,/u/splashshots,,53
341,Jonathan Park,,BP,,,Right,2B,SS,,/u/minusmikel,,53
343,Heinrich Frosch,,SF,EN,S,Left,2B,RF,3B,/u/SwissKiss,Engel#3312,53
359,Dong Soto,,TT,,,Right,2B,SS,,/u/DarkBobman1,,53
402,Maddy Berg,,BC,,,Right,2B,RF,,/u/JJPower2,,53
403,Myler Kurray,,XB,,,Left,2B,RF,,/u/RebWalters,,53
429,Kid Notcher,,BC,,,Right,2B,SS,,/u/notyourchild,,53
430,Niko Banks,,XB,,,Right,2B,RF,,/u/the_red_son,,53
432,Rumple Foreskin,,XB,,,Right,2B,1B,,/u/Nomegusta_nuncamas,,53
448,dednuts,,MH,,,Right,2B,,,/u/deadnought,,53
455,Gordan Freemon,,XB,,,Right,2B,RF,,/u/the_vault_of_secrets,,53
459,Packer Jacker,,BC,,,Left,2B,RF,,/u/Pack_Runner1,,53
460,Basepath McLean,,BC,,,Right,2B,RF,,/u/bennylove,,53
468,Chadimir Guerrero Jr.,,BN,,,Right,2B,RF,LF,/u/lurker251,,53
514,Red Lobsterologist,,EN,EN,B,Right,2B,RF,,/u/dancing-lobsters,,53
528,Josh Bay,,WC,,,Right,2B,RF,,/u/jaypb08,,53
537,Dale Gale,,WC,,,Right,2B,1B,,/u/fosho17,,53
543,Finn Elvis,,S,,,Right,2B,RF,,/u/Obligatory-Reference,,53
544,Threepointsix Roentgen,,S,,,Left,2B,SS,,/u/afuckingearthquake,geeb#9399,53
550,Clapper Cheeks,,BC,,,Left,2B,RF,,/u/lolcoors,,53
552,Mike Dexter,,S,BB,B,Right,2B,RF,,/u/AlwysSmtmsNvr,MikeDexter#5548,53
556,Millistingo Ansherwaras,,S,,,Right,2B,RF,,/u/devoi_,,53
563,Fizzber Doormat,,XB,,,Left,2B,SS,,/u/Metsareawesome5,,53
565,Taco Sanchez,,S,,,Right,2B,SS,,/u/Not_a_crackhead,,53
573,Anthony Stark,,XB,,,Right,2B,RF,,/u/Wileycyote9,wileycyote9#3327,53
589,Farch Assterfield,,WC,,,Right,2B,RF,,/u/Omgitsbillyfrick,,53
617,D'Lo Brown,,XB,,,Left,2B,1B,3B,/u/Hethreck,,53
618,Finley Mulligan,,1B,,,Right,2B,SS,,/u/jpnlvn,,53
630,Prince Fuzzdong,,WC,,,Left,2B,SS,,/u/CaldoLanrissian,PrinceFuzzdongle#8967,53
631,Oswald Thatendswald,,TT,,,Left,2B,LF,,/u/CaucasianFury,CaucasianFury#9861,53
633,Lief de la Foret,,1B,,,Right,2B,SS,,/u/TheLagoon22,,53
692,Alexander DeGreat,,XB,,,Right,2B,RF,,/u/Shigs__,,53
695,Damon Lindelof,,XB,,,Right,2B,3B,,/u/paperfisherman,,53
751,Frankie Francisco,,S,,,Left,2B,SS,,/u/BigPlayJ1220,,53
761,Balow Average,,BN,,,Right,2B,SS,,/u/SuicidalThermite,,53
1693,Jackson Montana,,XB,,,Left,2B,SS,,/u/Michael__Pemulis,,53
1694,Steven Wilson,,BC,,,Right,2B,SS,,/u/beardog7,,53
1708,Vanilla Danish,,EN,,,Right,2B,1B,,/u/Vanilla_Danish,,53
1735,Michael Realman,,S,,,Right,2B,SS,,/u/ElectricFeeeling,,53
1753,Stringer Bell,,XB,,,Right,2B,RF,,/u/SupremeMiracleWhip,,53
1754,Alejandro Caeser,,EN,,,Left,2B,1B,,/u/costapasta27,,53
1761,Ignatius Legit,,WC,,,Right,2B,RF,,/u/jandanis,,53
1766,Too Good,,HK,,,Right,2B,SS,,/u/Thatballerdude,,53
1807,Scrappy Whiteguy,,SM,,,Right,2B,SS,,/u/Schmack187,,53
1968,Ludd van Shark,,BN,,,Right,2B,SS,,/u/LadderShark,,53
1983,Jasper Orbit,,BC,,,Left,2B,SS,,/u/AstrosNation,,53
1994,Seth Hansen,,BP,,,Left,2B,RF,,/u/xzElmozx,,53
2004,Zed Leona,,BC,,,Left,2B,1B,,/u/get_trashed,,53
2006,Xavier Crowbar,,BN,,,Right,2B,RF,,/u/xCrowbar,,53
2011,Kyle Mack,,BC,,,Right,2B,SS,,/u/kylemac22,,53
2022,Benny Rodriguez,,BN,,,Right,2B,3B,,/u/missigsfan,,53
2028,Ralph Smith,,BC,,,Right,2B,RF,,/u/MpegEVIL,,53
2044,James Pablano,,BN,,,Left,2B,SS,,/u/pablito_locito,,53
2071,Rusty Demico,,BN,,,Right,2B,,,/u/spiritcrusher77,,53
2092,Flag Amuffin,,BN,,,Right,2B,,,/u/flagamuffin,,53
2120,Eddie Collins,,BC,,,Left,2B,RF,,/u/Goonder,,53
2130,JaMarcus Speed,,BC,,,Right,2B,,,/u/beauxsox,,53
2171,Ox Bullhorn,,BC,,,Right,2B,RF,,/u/scinauta,,53
2172,Paddy O'Sullivan,,BN,,,Right,2B,SS,,/u/Atrav11,,53
2175,Rob Atkins,,BC,,,Right,2B,SS,,/u/TeamSquadUltra,,53
2178,Ryan Witsell,,BN,,,Right,2B,SS,,/u/RandyJohnson74,,53
2194,Phoenix McDouglas,,BN,,,Left,2B,RF,,/u/sammerai1238,,53
2196,Remy Roy Darling,,BN,,,Left,2B,RF,,/u/RonsDarling,,53
2212,Lucas Shapiro,,BC,,,Right,2B,RF,,/u/JesusOfSurbaria,,53
2233,Johnny Diamond,,WC,,,Right,2B,RF,,/u/derprussiansoldaten,Prussian1525#0966,53
2245,Herb Sessions,,BP,,,Right,2B,SS,,/u/C0RPSEGRINDER666,,53
10,Emmett Michael,,1B,BS,H,Left,SS,CF,3B,/u/SemiCharmedMike,,53
11,James Garfield,,BC,,,Left,SS,2B,,/u/LadfBC,,53
12,Lucifer Putts,,SM,,,Left,SS,2B,,/u/PagesofDreams,,53
28,Barney Turbo,,S,,,Right,SS,CF,,/u/AlienAbortionMachine,,53
47,Ross Fire,,1B,,,Right,SS,2B,1B,/u/Crossfire912,,53
69,Carter Strong,,SF,,,Left,SS,2B,,/u/SrummTheBum,,53
120,Pablo Sanchez,,BN,,,Right,SS,3B,,/u/dawgsrunner5,,53
139,Mako Bierman,,BP,,,Left,SS,2B,,/u/Mako_22,,53
173,Federal Credit Union Boi,,1B,,,Right,SS,CF,C,/u/latenitekid,,53
174,Ted James III,,1B,,,Right,SS,1B,,/u/TheTCHammer,Toomy#0676,53
228,Ozzie Baez,,BN,,,Right,SS,2B,,/u/Caseycubs098,,53
297,Autumn Halladay,,BC,,,Left,SS,3B,,/u/c4d3nza,,53
346,Hunter Tuzero,,XB,,,Right,SS,CF,,/u/hunter-2_0,,53
364,Harvey Bargeparge,,BC,,,Left,SS,CF,,/u/leprachaun77,,53
365,Jingo Bajingo,,BP,,,Right,SS,3B,,/u/bnavis,,53
366,Marcus Hammond,,BN,,,Right,SS,2B,,/u/bringer_of_the_rain,üê£üê•#6296,53
384,Dom Stakes,,BC,,,Right,SS,CF,,/u/doomsteak13,Dom Stakes(Devil Rays; CF)#9190,53
385,Storm Johnson,,BC,,,Right,SS,2B,,/u/kudrew12,Storm Johnson (TB - SS)#8932,53
425,Brohei Brohtani,,BP,,,Left,SS,CF,,/u/sdlotus,,53
444,Alex Brown,,1B,,,Right,SS,3B,,/u/ajj2410,,53
454,Jake Wilson,,EN,,,Right,SS,2B,,/u/YellowSkarmory,,53
461,Overdi Fenz,,SM,,,Right,SS,3B,,/u/-vehement-,-vehement-#3184,53
463,iato yalf,,TT,,,Left,SS,CF,,/u/iatoyalf,iatoyalf#7030,53
475,Rage Cagemeister,,BC,,,Right,SS,3B,,/u/King_crapper55,,53
476,Eddie Swingstyle,,EN,,,Right,SS,CF,3B,/u/Indyjones88,,53
486,Gonzo Alonzo,,BP,,,Right,SS,CF,3B,/u/cavebac0n,,53
511,Miles Huh,,XB,,,Right,SS,3B,,/u/ILoveKat99,,53
519,Don El Patron,,XB,,,Right,SS,CF,,/u/Fxdriver,,53
523,Luke Admadik,,1B,,,Left,SS,CF,,/u/PM_ME_USED_GIFTCARDS,,53
526,Holden MaGroin,,1B,,,Right,SS,CF,,/u/Skwonkie_,,53
531,Devaunte Rider,,S,,,Right,SS,CF,,/u/devaunte_,,53
542,Rebecco Junior,,XB,,,Right,SS,2B,,/u/Rebecca10534,,53
569,Pavel Pavelovski,,1B,,,Left,SS,CF,,/u/koenistigg,,53
572,Johnny Johnson,,XB,,,Right,SS,3B,,/u/dragonknight247,,53
634,Jack Acknoy,,WC,,,Right,SS,3B,,/u/fos8890,,53
706,Charles Martel,,S,,,Right,SS,2B,,/u/kingamazing7203,A legend is born#2348,53
763,Camusiark,,1B,,,Right,SS,2B,,/u/Camusiark,,53
1689,Oliver Flame,,S,,,Right,SS,2B,,/u/SabaDonutMan,SabaDonutMan#3438,53
1697,Lamar Andrews,,S,,,Right,SS,2B,,/u/LamarCarAndGusBuss,,53
1711,AR Margiela,,HK,,,Right,SS,CF,,/u/flydotu,AR13#5784,53
1731,Jaxson Martyn,,WC,,,Left,SS,3B,,/u/Irishbuzzsaw13,,53
1789,George Bush,,S,,,Right,SS,3B,,/u/Federal_Strawberry,,53
1822,Joey Semenhands,,XB,,,Right,SS,2B,,/u/TheMadSage,,53
1835,Druncle Rico,,BN,,,Right,SS,CF,,/u/riconoche,,53
1836,Canada Love,,1B,,,Right,SS,CF,,/u/capscaptain1,,53
1945,Fernanny Machis Jr.,,BN,,,Right,SS,3B,,/u/Ragenition,,53
1972,Bernie Petrol,,BN,,,Right,SS,CF,,/u/bernbp5,,53
1973,"""Slippery"" Pete Johnson",,BN,,,Left,SS,2B,,/u/greasepole,,53
1974,Ace Brasco,,BC,,,Left,SS,CF,,/u/clarkhp,,53
1980,Andrew Sourdough,,BC,,,Right,SS,2B,,/u/2182much,,53
1988,H.B. Boink,,BC,,,Right,SS,3B,,/u/hbboink,,53
2005,Xavier Martinez,,BP,,,Right,SS,CF,,/u/xmandj1000,,53
2009,Moog Muffesser,,BN,,,Right,SS,,,/u/brappp428,,53
2013,Mudflap Ricketts,,BC,,,Right,SS,3B,,/u/kafkadre,,53
2014,Rico Veringhipster,,BC,,,Left,SS,3B,,/u/recoveringhipster,,53
2032,Chester Facto,,BC,,,Right,SS,CF,,/u/CheetoFactor,,53
2037,Trey Paste,,BC,,,Right,SS,2B,,/u/sterling_mallory,,53
2040,Steve Hofbardozzi III,,BP,,,Right,SS,3B,,/u/geneticlyperfct,,53
2042,Brandon Aconi,,BC,,,Right,SS,2B,,/u/baconi44,,53
2064,R Chigga,,BN,,,Right,SS,,,/u/-bandersnatch,,53
2067,Earl Leicester,,BP,,,Left,SS,2B,,/u/Nolan4MVP,,53
2078,Brent Royal,,BN,,,Right,SS,2B,,/u/ShockerSeahawkRoyal,,53
2079,Ripken Al-Halliday,,BN,,,Right,SS,3B,,/u/Plaxus,,53
2086,Pablo Sanchez I,,BN,,,Right,SS,2B,,/u/dillllllllll,,53
2097,Boof Veiz,,BC,,,Right,SS,CF,,/u/justinyhcc,,53
2115,Deezy White,,BC,,,Left,SS,,,/u/theduckhunt3r,,53
2134,Finnegan Freudenberger,,BC,,,Left,SS,CF,,/u/jamaicaselfhelp,,53
2139,Graham Othrie,,BP,,,Right,SS,3B,,/u/grahm03,,53
2153,"Jim ""Slim"" Levis",,BC,,,Left,SS,CF,,/u/Cowzrock,,53
2197,Sea Bass,,BN,,,Left,SS,CF,,/u/seabass9788,,53
2227,Shrek AndDonkey,,WC,,,Right,SS,3B,,/u/MetsFan2015,,53
2237,Rocky Moon,,BN,,,Right,SS,,,/u/Saf22,,53
9,Odin Luka,,TT,,,Right,3B,2B,,/u/WinterTrainer,,53
27,JT GarciaParr,,XB,,,Right,3B,2B,,/u/jdpopin,,53
57,Bear Thomas,,HK,,,Right,3B,2B,,/u/ScenicEvergreen,KevinTMcClure#7532,53
85,John Bumbus,,BC,,,Right,3B,LF,,/u/goodmjim,goodmjim#6870,53
86,Pretzels Poffenberger,,BN,,,Right,3B,SS,RF,/u/akick31,,53
101,Casey Nine,,BC,,,Left,3B,SS,,/u/kc9kvu,Nobody#5296,53
102,Doc JaAm,,1B,,,Right,3B,LF,RF,/u/JaAm15,JaAm15#5840,53
172,Chad Berry,,WC,,,Right,3B,2B,1B,/u/Humble_Aim_Bot,froge_#6816,53
208,Tommy Testudo,,WC,,,Right,3B,2B,,/u/cxb17,cxb17#7599,53
242,Charles Lindberg,,BP,,,Left,3B,2B,,/u/Aviator157,Aviator157#5461,53
243,Michael Deemer,,EN,,,Right,3B,SS,,/u/MichaelDeemer13,,53
274,Rich Poorman,,1B,,,Right,3B,2B,,/u/Tsar_Zaar,Tsar Zaar#2001,53
276,Trontavious Saddlebags,,BP,,,Right,3B,2B,1B,/u/Jittyot,,53
313,Junior Biggins,,1B,,,Left,3B,2B,LF,/u/BallLikeRalphSamson,BallLikeRalphSamson#1071,53
330,Donked McToad,,MH,,,Right,3B,2B,1B,/u/d0nked,,53
358,Stephen Bear,,BN,,,Right,3B,SS,3B,/u/TrailGuideSteve,,53
404,Ovaltine Jenkins,,BC,,,Right,3B,2B,SS,/u/mrman5426,,53
420,Jered Bentley,,SF,,,Right,3B,2B,,/u/ryry24lol,,53
427,Benjamin Bjorn,,WC,,,Right,3B,SS,,/u/nrs5813,,53
428,Bert Harris,,WC,,,Right,3B,LF,,/u/chem031,,53
433,AJ McMann,,BC,,,Right,3B,2B,,/u/Lightning_Dragon,,53
437,Boof Boog,,BN,,,Right,3B,2B,,/u/welldrawndry,,53
440,Markese Rolle,,XB,,,Right,3B,SS,,/u/nyk88,,53
443,Hes Nahstee,,XB,,,Left,3B,LF,,/u/snasty728,,53
445,Mike Honcho,,BN,,,Right,3B,SS,,/u/ihavearedditaccount,,53
473,Bill Bisquick,,XB,,,Right,3B,SS,CF,/u/taylorenokson,,53
483,Blose Blerblanblez,,BC,,,Right,3B,LF,,/u/randythemartin,,53
484,Moomoo Cow,,XB,,,Right,3B,LF,,/u/Tropicalfiree,,53
494,Dee Snutts,,WC,,,Left,3B,LF,,/u/jarjarbanksy420,,53
504,Joe McQueen,,XB,,,Right,3B,LF,,/u/joetheshow1,,53
507,Talladega Knight,,BP,,,Right,3B,2B,,/u/calebc275,,53
509,R.K. Maroon,,1B,,,Right,3B,LF,,/u/bucketfudger,,53
536,Dingleberry McHotsauce,,BP,,,Left,3B,LF,,/u/_smilingeyes,,53
554,Trey Womancini,,1B,,,Right,3B,2B,,/u/ReDz55555,,53
555,Terry Jerry-Larry,,BP,,,Right,3B,2B,RF,/u/fluffydog10,,53
571,Tony Ragebringer,,1B,,,Right,3B,LF,,/u/trogman,,53
578,Ruiz Nomad,,EN,,,Right,3B,SS,,/u/Onoreacle,,53
584,Eadwyn Mustafa,,BP,,,Right,3B,LF,1B,/u/Eadwyn,,53
587,Ichabod Crane Weiner III,,XB,,,Right,3B,2B,C,/u/Whiteandnerdy42,,53
591,George Honeycut,,XB,,,Right,3B,2B,,/u/mishner,,53
592,D'Pez Poopsie,,S,,,Left,3B,2B,,/u/magnagothope,,53
593,Austin Otterson,,S,,,Right,3B,SS,,/u/OtterInAustin,,53
595,Dudenstein Candyman,,XB,,,Right,3B,LF,CF,/u/Inverted2wiceOver,,53
608,Jimmy Doolittle,,XB,,,Right,3B,2B,LF,/u/aviator147,aviator147#0910,53
619,Dingus Dongus,,S,,,Right,3B,SS,,/u/Forgot_the_slash_s,,53
637,Gabe Horn,,1B,,,Left,3B,2B,,/u/hecking31,,53
664,Orville Pigdicker,,WC,,,Right,3B,SS,,/u/MadDingersYo,,53
674,Tsun Dere,,XB,,,Right,3B,LF,,/u/Reikyu09,,53
676,Joe King,,BP,,,Left,3B,LF,1B,/u/jcking04,,53
677,Johnny Maxwell,,BN,,,Right,3B,2B,,/u/PartyOfSpecialThings,,53
694,Clay FromShellCity,,BP,,,Right,3B,SS,,/u/beastofthefarweast,,53
735,Edward Strauss,,BN,,,Left,3B,LF,,/u/Cherubius,Solsete#6791,53
741,Luther Strangelove III,,1B,,,Right,3B,LF,,/u/Steinbach23,Steinbach23#4462,53
1713,Joe Mama,,WC,,,Left,3B,LF,,/u/Rosencats,eddie#0500,53
1714,Mac Daddy,,BP,,,Right,3B,2B,,/u/skylander5000,gpsdude#6366,53
1726,Ryan Hinds,,BC,,,Right,3B,2B,,/u/HigeGarbageMan,,53
1749,Jeff McChicken,,XB,,,Right,3B,LF,,/u/Sagay_the_1st,,53
1765,Nick Poulos,,XB,,,Right,3B,2B,,/u/NJP_TSN,,53
1769,Jamar Miller,,XB,,,Right,3B,2B,,/u/jmills-35,,53
1840,Jacky Duddy,,TT,,,Left,3B,SS,,/u/JD2007,,53
1971,Mike HuntS2,,BP,,,Right,3B,2B,,/u/-AnthonyAmadio,,53
1975,Admiral Jaylen,,BN,,,Right,3B,LF,,/u/Fylaktidis,,53
1981,Archer Moran,,BN,BS,B,Left,3B,LF,,/u/Ext1nct_Nova,,53
1984,Jimbo Fishy,,BC,,,Right,3B,,,/u/ahappypoop,,53
1996,Midoriya Izuku,,BC,,,Right,3B,LF,,/u/Dasnoodledrop,,53
1999,Valentino Sanchez,,BN,,,Right,3B,2B,,/u/conpollo27,,53
2038,Jamison Wells,,BC,,,Right,3B,SS,,/u/wass225,,53
2043,Dougal McGoogol,,BP,,,Left,3B,SS,,/u/mcgoogol,,53
2059,Nathaniel Booth,,BP,,,Left,3B,,,/u/Nbooth20,,53
2069,Jay Embee,,BN,,,Right,3B,LF,,/u/jmb-412,,53
2070,Johnny Hopkins,,BN,,,Right,3B,SS,,/u/bubonicnarwhal,,53
2084,Fernando Trouble,,BC,,,Right,3B,,,/u/GatesofDelirium,,53
2088,Martin Barnar,,BP,,,Right,3B,,,/u/mbarnar,,53
2093,Stig Bond,,BC,,,Left,3B,SS,,/u/spencervogel,,53
2098,Booker Schultz,,BP,,,Right,3B,1B,,/u/voncornhole,,53
2109,Cody Omega,,BN,,,Right,3B,2B,,/u/2SweetCharlieB,,53
2122,Farzad Ahmadi,,BC,,,Right,3B,2B,,/u/RatRiddled,,53
2124,Shiny Tenson,,BN,,,Right,3B,,,/u/10sunshine,,53
2138,Golly McOxbig,,BC,,,Right,3B,LF,,/u/mrtheman260,,53
2150,Jace LeTourneau,,BP,,,Left,3B,2B,,/u/Mister_Shake,,53
2174,Rex Snare,,BP,,,Right,3B,,,/u/homiej420,,53
2177,Ryan Pleasants,,BC,,,Right,3B,1B,,/u/rplez,,53
2190,Mike Litterus,,BN,,,Left,3B,2B,,/u/ChrisBoshDino,,53
2193,Peter R. Otagonist,,BP,,,Left,3B,SS,,/u/Themanwithplanz,,53
2214,Stenson Utivich,,MH,,,Right,3B,2B,,/u/CineZuri,,53
2231,Werewolf Mommie,,WC,,,Right,3B,2B,,/u/ArcticDragonsTSS,,53
15,Assassin Panda,,BP,,,Left,LF,1B,,/u/AssassinPanda97,,53
30,Chad Kroeger,,XB,,,Left,LF,1B,,/u/memeofameme,,53
31,Arata Hightower,,BN,,,Right,LF,RF,,/u/YungKakarot777,,53
51,Forrest Gleeson,,BN,,,Right,LF,1B,,/u/foreverfun,,53
121,Chaz McDunnough,,S,,,Right,LF,1B,SS,/u/Freshgeek,,53
123,Stephen Seconds,,BN,,,Left,LF,RF,,/u/unite_csgo,,53
177,Jeorjhe Jerome,,BP,,,Right,LF,1B,,/u/jeorjhejerome,,53
214,Niklas Sheely,,BC,,,Right,LF,RF,,/u/nsheely01,Niklas#3706,53
229,Ethyn Williams,,TT,,,Left,LF,RF,,/u/BlackNasty4028,,53
245,Fly Spaceman,,BN,,,Left,LF,RF,,/u/TheSpaceAge,,53
246,KayLee Stewart,,BP,,,Right,LF,RF,,/u/Rand0m0sityxX,peytonmarie#2303,53
299,Formal Riot,,BC,,,Right,LF,RF,,/u/mvonneumann,,53
407,Tom Crean,,BC,,,Left,LF,RF,,/u/iuhoosier40,,53
424,Xander MacAnder,,BN,,,Right,LF,RF,,/u/saneomac,,53
472,Hefe Rojo,,1B,,,Right,LF,RF,,/u/BooguhRed,,53
603,Broc Li,,BC,,,Left,LF,RF,C,/u/amkashyap,,53
632,Smiffy Dankle,,WC,,,Right,LF,RF,,/u/Unlucky_Dreamer,,53
645,Sir Ebe Rau-Paulsy,,EN,,,Left,LF,RF,,/u/FogtownPower,,53
668,Sammy SoSheesh,,BP,,,Right,LF,RF,,/u/aTreibCalledQuest,,53
678,Randy McRandom,,WC,,,Right,LF,RF,,/u/kbell89,,53
722,Leonardo Fairweather,,XB,,,Left,LF,1B,,/u/mc_bear,,53
748,Troy Pollywag,,BP,,,Right,LF,RF,,/u/YQUA1,,53
1707,Victor Oneto,,EN,,,Right,LF,RF,,/u/vjojr25,,53
1730,Mike Wazowski,,WC,,,Right,LF,RF,,/u/wycinanki,Mike Wazowski#7928,53
1795,Darren Dingerball,,HK,,,Left,LF,1B,,/u/UsedUpvoteSalesman2,,53
1827,Travis Bickle,,BN,,,Left,LF,1B,,/u/3lewsers,,53
1993,Rambo McFly,,BN,,,Left,LF,RF,,/u/dankscott,,53
2000,Billy Cutgrass,,BP,,,Left,LF,1B,,/u/greysfordays,,53
2007,Willy Ware,,BC,,,Right,LF,RF,,/u/Equallizer249,,53
2018,Baba Booey,,BP,,,Right,LF,1B,,/u/powersgoblue,,53
2025,Blue Moon Barthelemy,,BC,BF,B,Left,LF,1B,,/u/thebubs1024,,53
2029,Chad Baret,,BC,,,Right,LF,,,/u/chadbarrett,,53
2033,Cook Froster,,BC,,,Right,LF,RF,,/u/CookieFroster,,53
2050,Steve Hofbardozzi Jr.,,BC,,,Left,LF,RF,,/u/bambootap,,53
2052,Donnie Lindsanity,,BP,,,Right,LF,RF,,/u/Phiask0,,53
2053,Larry Wayne,,BP,,,Right,LF,RF,,/u/Tomahawkn10,,53
2066,Randy Nummer,,BN,,,Left,LF,RF,,/u/826836,,53
2072,Diligent Moose,,BP,,,Left,LF,RF,,/u/BPenguinfire,,53
2076,Mo Berry,,S,,,Right,LF,RF,,/u/Frick_Nasty,,53
2080,Jebediah MacGuffin,,BP,,,Right,LF,RF,,/u/doctorjesusjr,,53
2082,Connor Carter,,BN,,,Left,LF,1B,,/u/Hulkanator,,53
2090,Tony Provtree,,BC,,,Right,LF,RF,,/u/2prov3,,53
2104,Casey Jones,,BP,,,Right,LF,1B,,/u/DrinkWisconsinably,,53
2107,Chocolate Smegma,,BC,,,Left,LF,1B,,/u/Chocolate_Smegma,,53
2114,Daz Reference,,BP,,,Right,LF,RF,,/u/ObsrefGames,,53
2127,C.W. Mitzel,,BN,,,Right,LF,,,/u/cwmitzel,,53
2143,Jason Girth,,BN,,,Right,LF,,,/u/wilson1229,,53
2157,Joshua Samson Jr,,BP,,,Right,LF,RF,,/u/bubbaduke50,,53
2200,Julio Fernandez,,BN,,,Right,LF,,,/u/Julio_Fernandez ,,53
2219,Miwa Langley,,BN,,,Right,LF,,,/u/AngelsOtani,,53
2228,Yiopki Boytivboi,,BN,,,Left,LF,RF,,/u/DeadlyPlayer,,53
2232,Jerry Stocker,,MH,,,Left,LF,RF,,/u/RocketExilate,Exilate#3114,53
20,Q Kimbrel,,TT,NH,S,Left,CF,LF,,/u/imcerebrus,Cerb#1616,53
87,Jesse Kilgannon,,BC,,,Right,CF,LF,SS,/u/dragoncockles,,53
88,JR Smoove,,BN,,,Right,CF,LF,,/u/bossfrog48,,53
105,Mike Oxlittle,,BN,,,Right,CF,LF,RF,/u/rmcauliffe,mcsmittyman#6415,53
141,Slapshot Brady,,XB,,,Right,CF,LF,1B,/u/Swiggityswagkerman,Jerm#5091,53
142,Tommy Brown,,TT,,,Left,CF,LF,,/u/tbrown0307,,53
143,Tommy Oldman,,S,,,Right,CF,RF,,/u/rosasatonaka,,53
179,Scotty Smalls,,BC,,,Right,CF,RF,,/u/See_You_Laterr,,53
215,Justin Dingers,,XB,,,Right,CF,LF,,/u/tcrain99,tcrain99#5271,53
231,Sadler Oriole,,BC,,,Right,CF,LF,,/u/sadoriolesfan,,53
269,Joe Runzer,,XB,,,Right,CF,RF,,/u/ScummyJoe11,,53
300,Conrad Love,,BN,,,Left,CF,LF,,/u/welovemeconrad,,53
316,Ashton Westenburg,,BC,,,Right,CF,RF,,/u/ashtonwestenburg,Ashton#2651,53
317,Demondre Bradford,,TT,,,Left,CF,LF,,/u/BrandonRK,,53
318,Joey Bagpipes,,HK,,,Right,CF,RF,,/u/OTipsey,,53
319,A.J. Preller,,XB,,,Left,CF,RF,,/u/notajprellersd,,53
333,Benjamin Baeurkemper,,WC,,,Left,CF,LF,,/u/Crimsic,manningthechat#4040,53
348,Chunky Dongmeister,,MH,,,Left,CF,LF,,/u/Chamale,,53
387,Anatoli Smorin,,1B,,,Left,CF,RF,1B,/u/therealliebz,,53
409,Josh Gordon,,S,,,Left,CF,RF,,/u/Ionicshoe,,53
410,Victor Justice,,BN,,,Left,CF,LF,,/u/victors_justice,,53
422,Dixie Wrecked,,BP,,,Left,CF,LF,,/u/DeAndreJohnKins,,53
431,Mr. Irresistible,,MH,,,Right,CF,LF,,/u/X-Ray_Bird,,53
435,Jack Medof,,WC,,,Right,CF,RF,,/u/Aquaos_,,53
446,Thomas Berry,,BC,,,Right,CF,RF,,/u/tomatoisaberry,,53
450,Iggy Metts,,WC,,,Left,CF,RF,,/u/ISOballisbadmostly,,53
457,Buck Cheeks,,S,,,Left,CF,LF,,/u/BuckCheeks,,53
462,Baby Goat,,S,,,Left,CF,LF,,/u/asheiselite,,53
465,Robert Callahan,,XB,,,Right,CF,LF,,/u/shipguy55,DeleteOption#5098,53
466,Pewdiepie,,S,,,Right,CF,,,/u/jakester1238,,53
489,MikeTrout ShoheiOhtani,,S,,,Left,CF,RF,,/u/Ratemeonly,,53
491,Harry Paratesstykals,,S,,,Right,CF,LF,,/u/sptltp,,53
498,TJ McConnell,,MH,,,Right,CF,RF,3B,/u/TTP2521,,53
521,Jon Jay's Booty,,1B,,,Left,CF,LF,,/u/JonJaysBooty,,53
561,Larry Bigawls,,XB,,,Right,CF,LF,,/u/Rastamebasta,,53
666,Snarkles McFarkles,,XB,,,Left,CF,LF,,/u/Teddy_swolesedelts,,53
667,Cavendish Cannon,,XB,,,Left,CF,LF,,/u/patsyanks999,,53
680,Dooper McPooperscooper,,1B,,,Left,CF,RF,LF,/u/aulee65,Dragon of the West#5038,53
682,Brat Monithan,,BP,,,Right,CF,RF,,/u/Bratmon,,53
693,Chicken Joe of Sheboygan,,BC,,,Right,CF,LF,,/u/HamSquad14,,53
710,James Manzi,,MH,,,Right,CF,RF,,/u/jmanatl06,,53
715,Candy Sollazo,,WC,,,Left,CF,RF,,/u/vesteele,,53
721,Whatan Losser,,XB,,,Left,CF,RF,,/u/GeorgeKittle,,53
725,Minor Leaguer,,BC,,,Right,CF,LF,,/u/Qwerty722,,53
757,Michael Hunt,,BP,,,Right,CF,LF,,/u/Dv2890,,53
1696,Ron Swanson,,XB,,,Right,CF,RF,,/u/Saf22,,53
1709,Sean Carr,,S,,,Right,CF,LF,,/u/iCrashedMyCarr,,53
1751,Hyunwon Song,,SF,,,Right,CF,LF,,/u/Something_319,,53
1758,Pete JonesFake,,EN,,,Right,CF,RF,,/u/Time_Equals_Money,Pete Jones#2207,53
1775,Larry Kenobi,,WC,,,Right,CF,RF,,/u/larrykenobi11,,53
1805,LeBron James Jr.,,S,,,Left,CF,LF,,/u/tejastacostand,,53
1806,Chuck Wyo,,WC,,,Right,CF,LF,,/u/WyoChuck,,53
1821,Zachary Hommes,,BC,,,Right,CF,LF,,/u/LomaPride,,53
1978,Allen Kennedy,,BC,,,Left,CF,LF,,/u/JustANormalGuy52,,53
1989,C.J. Bastian,,BP,,,Left,CF,LF,,/u/CJBastian,,53
1995,Kent Griffey III,,BN,,,Left,CF,LF,,/u/Akfrozen12,,53
2001,Holden Ryder,,BP,,,Left,CF,,,/u/CarolinaPanthers,,53
2010,Cambo Dia,,BC,,,Left,CF,LF,,/u/horseydeucey,,53
2015,S.K. Brettburg,,BC,,,Left,CF,LF,,/u/skbrettbug,,53
2017,Audie Neitinowan,,BC,,,Right,CF,RF,,/u/augie1901,,53
2047,Sleve McDichaelS2,,BN,,,Left,CF,RF,,/u/SudsyGiraffe,,53
2048,Puckun Huckingly,,BN,,,Right,CF,LF,,/u/kogerking,,53
2055,Herrera O'Doubles,,BC,,,Left,CF,RF,,/u/cloakington,,53
2057,Pi Bacon,,BN,,,Right,CF,,,/u/pitbaseball,,53
2060,Pip Squires,,BC,,,Right,CF,RF,,/u/TheSquires,,53
2061,Jazzy Jeff,,BN,,,Right,CF,RF,,/u/1346718,,53
2081,Cardith Buxton,,BC,,,Left,CF,,,/u/cardith_lorda,,53
2121,El Rapido Jimenez,,BN,,,Right,CF,,,/u/spencerroloff,,53
2137,Gerrit Linguini,,BN,,,Left,CF,RF,,/u/languid-banquet,,53
2144,James McGee,,BN,,,Right,CF,RF,,/u/jdironman314,,53
2149,Ian Pritchard,,BC,,,Left,CF,RF,,/u/itpritch,,53
2154,Jonathan Hadley,,BP,,,Right,CF,RF,,/u/throwmeout06,,53
2170,Nick Knuckles,,BC,,,Right,CF,RF,,/u/8each8oys,,53
2179,Simon Hans,,BN,,,Right,CF,RF,,/u/vasolinetigers,,53
2192,Ozanam Columbus,,BN,,,Left,CF,RF,,/u/MLRmademedothis,,53
2203,Rusty LaRue,,BN,,,Right,CF,,,/u/TheCity95,,53
2208,Alfred Bain,,BN,,,Right,CF,,,/u/Survivorlover52,,53
2211,Quick Bill,,S,,,Left,CF,LF,,/u/billyj1987,,53
2216,Zyrok Young,,MH,,,Right,CF,RF,,/u/Zyrok12,,53
53,Julio Cesar,,BN,,,Right,RF,CF,C,/u/JulioCesar08,,53
89,Gottlieb Giannopolous,,EN,,,Right,RF,1B,C,/u/HighVoltLemonBattery,Lemon Battery#4879,53
145,Jack Meloy,,BP,,,Right,RF,1B,,/u/TheMooseHerder,Oog's BIg Club#4043,53
232,Jake Blee,,WC,,,Right,RF,CF,,/u/Blee10,,53
248,Cannibal Johnson,,BP,EG,H,Right,RF,1B,,/u/cannibaljohnson2,,53
281,Mike Rodick,,S,,,Right,RF,1B,,/u/mememan696969,,53
368,Captain Bryzzo,,EN,,,Left,RF,,,/u/Fastlanedrivr,,53
370,Tre Nichols,,1B,,,Left,RF,1B,2B,/u/tanay002,tanay002#5272,53
388,Doug Quail,,MH,BB,H,Right,RF,CF,1B,/u/Dynamic_Doug,,53
442,Ryan Vauhn,,WC,,,Right,RF,1B,,/u/adfalcon96,,53
447,Two Fingers Fernhaus,,XB,,,Right,RF,CF,,/u/jamesonfleming,,53
505,Poopio Cartez,,XB,,,Left,RF,CF,,/u/blarne1323,,53
534,Roger Over,,WC,,,Right,RF,CF,,/u/mjrlg,,53
548,Honeydick Swindler,,BC,,,Left,RF,CF,,/u/PeyWey26070,,53
551,Dick Inhand,,1B,,,Left,RF,1B,,/u/BrickShelf,,53
588,Willie Mo Penis,,MH,,,Right,RF,1B,,/u/clipboardpencil3,,53
598,Herb Ferguson,,SF,,,Left,RF,CF,,/u/Dont_leave_bryce,,53
709,Starbux Lover,,XB,,,Right,RF,CF,,/u/justanavrgguy,,53
750,Zion Williamson,,SF,,,Right,RF,1B,,/u/Demarcus-Is-A-Snake,,53
1716,Jaden Starr,,S,,,Right,RF,CF,,/u/Drivhuseffekten,,53
1740,Old timer Nobody,,TT,,,Right,RF,CF,,/u/goodbrux,goodbrux#6134,53
1796,Albert Ichiro Pujolsuzuki,,EN,,,Right,RF,1B,,/u/Mybodyisaching,,53
1819,Nate Savage,,XB,,,Right,RF,CF,,/u/Warrior_of_Massalia,,53
1992,Rory Nipponsteer,,BP,,,Right,RF,CF,,/u/GroriousNipponSteer,,53
1998,Salami Joe,,BP,,,Left,RF,LF,,/u/MJA7,,53
2021,Baxter Payne,,BN,,,Right,RF,LF,,/u/bgps1180,,53
2030,Chad Barrett,,BN,,,Right,RF,CF,,/u/chadbarrett50,,53
2036,Dick Fin,,BN,,,Right,RF,,,/u/lompocmatt,,53
2039,Conor McRedgor,,BC,,,Right,RF,,,/u/thereddeathpasses,,53
2041,Justin Paglia,,BP,BS,B,Left,RF,LF,,/u/pagsman96,,53
2054,Mince Pelling,,BP,,,Left,RF,LF,,/u/Mispelling,,53
2062,James Earl Pwns,,BP,,,Right,RF,1B,,/u/James_Earl_Pwns,,53
2068,Chad Masters,,BP,,,Left,RF,CF,,/u/Witch_Docter77,,53
2083,Jim Boeheim,,BP,,,Right,RF,CF,,/u/RealJimBoeheim,,53
2094,Bo Roldon,,BC,,,Right,RF,LF,,/u/boroldon,,53
2095,Boaty McBoatface,,BP,,,Right,RF,CF,,/u/shadypizzaguy,,53
175,Brigham Young,,BC,,,Right,RF,LF,,/u/jacobguo95,,53
2108,Chris Keebler,,BN,,,Right,RF,,,/u/CrumbyCookie,,53
2116,Dill Pickle,,BN,,,Right,RF,CF,,/u/thejapanesepickle,,53
2119,Drew Cruz,,BP,,,Left,RF,LF,,/u/rexas_tangers,,53
2136,Garrett Ipnov,,BC,,,Right,RF,1B,,/u/gipnov23,,53
2168,Mike T. Thumb,,BP,,,Right,RF,CF,,/u/dropitlolo,,53
2183,Tom Brazy,,BN,,,Right,RF,LF,,/u/TomBrazy,,53
2187,Leonidas Webster,,BP,,,Left,RF,,,/u/Rindiee,,53
2188,Logen Ninefingers,,BC,,,Left,RF,CF,,/u/ExpiringFrog,,53
2202,J.I. Blaque,,BN,,,Right,RF,,,/u/blaque15,,53
2210,Andrew Drechsler,,BN,,,Right,RF,,,/u/clinicallydepressed,,53
789,Basic Neutral,,BN,,,Right,DH,,,u/mlr1,,53
790,Basic Power,,BP,,,Right,DH,,,u/mlr2,,53
791,Basic Contact,,BC,,,Right,DH,,,u/mlr3,,53
792,Maximum Homers,,MH,,,Right,DH,,,u/mlr4,,53
793,Speedy,,S,,,Right,DH,,,u/mlr5,,53
794,Extra Base Focus,,XB,,,Right,DH,,,u/mlr6,,53
795,1B BB,,1B,,,Right,DH,,,u/mlr7,,53
796,Extreme Neutral,,EN,EN,B,Right,DH,,,u/mlr8,,53
797,Work The Count,,WC,,,Right,DH,,,u/mlr9,,53
798,HR K,,HK,,,Right,DH,,,u/mlr10,,53
799,Three True Outcomes,,TT,TT,B,Right,DH,,,u/mlr11,,53
800,Sacrifice Master,,SM,,,Right,DH,,,u/mlr12,,53
801,Single Focus,,SF,,,Right,DH,,,u/mlr13,,53
1833,?finalclue,,BN,,,Right,DH,DH,,Overseer,,53
2016,Harry Cox,,BN,,,Left,DH,,,/u/Icorbinator,,53
2026,Rusty Kuntz,,BN,,,Right,DH,,,/u/ThorsGrundle,,53
2118,Dom Dunquette,,BN,,,Right,DH,,,/u/OrphanSnatcher27,,53
2126,Mike Cal,,BN,,,Right,DH,,,/u/mcal24,,53
2140,S.M. Brody,,BN,,,Right,DH,,,/u/OneTrueBrody,,53
2141,Durgesh O'Leary,,BN,,,Right,DH,,,/u/Communizmo,,53
2145,Brian Southwell,,BN,,,Right,DH,,,/u/SciddlyWuds,,53
2189,Logen Woodluck,,BC,,,Right,DH,,,/u/Madis99,,53
2201,Humphrey Carter,,BN,,,Right,DH,,,/u/humpcatter,,53
1,Thomas NOva,,,,,,,,,,,
20,Quint Kimbrel,,,,,,,,,,,
22,Spike Suzuki,,,,,,,,,,,
33,Oscar Vegas,,,,,,,,,,,
35,Jeffery Nolan,,,,,,,,,,,
36,Jericho Caulfield,,,,,,,,,,,
37,Osmosis Jones,,,,,,,,,,,
48,Willow Briansd√≥ttir,,,,,,,,,,,
52,Amir Valerie Hurwitz,,,,,,,,,,,
54,Markus W√∂lfe,,,,,,,,,,,
56,Ziggy Ceder,,,,,,,,,,,
58,Hudson Quin,,,,,,,,,,,
59,Nick Tit,,,,,,,,,,,
59,Nick Tits,,,,,,,,,,,
67,Dean Wesrey,,,,,,,,,,,
70,Nicholas Verducci,,,,,,,,,,,
71,Miroslav Radovicnovizicidivizcinicizivich,,,,,,,,,,,
81,Dick McScrotington IV,,,,,,,,,,,
82,J.D. De Las Rosas,,,,,,,,,,,
88,"Joshua ""Junior"" Roth",,,,,,,,,,,
89,Gottlieb Giannopoulos,,,,,,,,,,,
90,"Robert Alexander Reuel James Tiberius Kirk ""Bob"" Robb IV",,,,,,,,,,,
93,Master Cashier,,,,,,,,,,,
102,Doc Jaam,,,,,,,,,,,
108,Wilbur Wood,,,,,,,,,,,
115,BB Bambino Jr.,,,,,,,,,,,
124,Duke Nukem,,,,,,,,,,,
127,Zack Andersen,,,,,,,,,,,
130,Brett Breadard,,,,,,,,,,,
132,Carlos Brownson,,,,,,,,,,,
133,Garren Smudge,,,,,,,,,,,
149,Alyx Sabor,,,,,,,,,,,
149,Daniel Collins,,,,,,,,,,,
150,Pickle Rick,,,,,,,,,,,
152,Francis James Wellington IV,,,,,,,,,,,
152,Kris Jaxon,,,,,,,,,,,
160,Zum Boehner,,,,,,,,,,,
167,Ron Eagle,,,,,,,,,,,
167,Ronald Eagle Sr.,,,,,,,,,,,
167,"Ronald Eagle, Sr.",,,,,,,,,,,
175,Jasmine,,,,,,,,,,,
178,Clifton Outlaw,,,,,,,,,,,
186,Ian Brandon Owen Bust,,,,,,,,,,,
188,Giminy Schlimjim,,,,,,,,,,,
189,Jeffrey LaVert,,,,,,,,,,,
191,Andrew Nova,,,,,,,,,,,
191,Andrew Supernova,,,,,,,,,,,
193,Jo√£o Cortez,,,,,,,,,,,
193,Limon Cristo,,,,,,,,,,,
196,Big Nutterstein,,,,,,,,,,,
216,Petetholomew Jones,,,,,,,,,,,
223,Smitty Werbenjagermanjensen,,,,,,,,,,,
230,Matt Verdin,,,,,,,,,,,
235,J. E. Wilkins,,,,,,,,,,,
246,Kaylee Stewart,,,,,,,,,,,
247,Daxton Riley,,,,,,,,,,,
252,Tara Dactyl,,,,,,,,,,,
254,BIff Studd,,,,,,,,,,,
256,Tyrone Jennings lll,,,,,,,,,,,
258,Tyler Palmatier,,,,,,,,,,,
265,Rich Mahogany,,,,,,,,,,,
265,Wavy Gravy,,,,,,,,,,,
267,"Jake ""JP"" Panik",,,,,,,,,,,
271,Aleister Xekutioner,,,,,,,,,,,
274,Tsar Zaar,,,,,,,,,,,
277,Matty Lynn,,,,,,,,,,,
282,Bluebird Abernathy,,,,,,,,,,,
282,Jayson Burdwell,,,,,,,,,,,
283,Charlie Yeagar,,,,,,,,,,,
291,Samuel-Edward Verne-Emmanuel Newman-Costanza,,,,,,,,,,,
291,S-E V-E Newman-Costanza,,,,,,,,,,,
307,Gare Doctor,,,,,,,,,,,
331,Keyo,,,,,,,,,,,
331,Rekt Kiddo,,,,,,,,,,,
344,Emma Twatson,,,,,,,,,,,
345,Ty Johnson,,,,,,,,,,,
347,Alexander Hamilton,,,,,,,,,,,
351,Donghuge Manchild,,,,,,,,,,,
352,Filib Al'Anhar JR.,,,,,,,,,,,
359,Dark Bobman,,,,,,,,,,,
378,dad,,,,,,,,,,,
378,Haroldo MacKenzie,,,,,,,,,,,
379,"Gimpy ""Schlemp"" Schlempteen the 32nd",,,,,,,,,,,
391,Amelia Black,,,,,,,,,,,
393,Lord Dennis Birdington IV,,,,,,,,,,,
394,Ryan Gasting,,,,,,,,,,,
395,S. A. R. Dinka,,,,,,,,,,,
397,Quentin Adams,,,,,,,,,,,
401,Iris Solstace,,,,,,,,,,,
418,John Fitz,,,,,,,,,,,
427,Benjamin 'Benji' Bjorn,,,,,,,,,,,
427,Benji Bjorn,,,,,,,,,,,
455,Gordon Freemon,,,,,,,,,,,
456,Buttholo Col√≥n,,,,,,,,,,,
464,Daniel Maymoun,,,,,,,,,,,
481,Jordan Lamas,,,,,,,,,,,
485,Francois Onime,,,,,,,,,,,
487,dick richards,,,,,,,,,,,
488,Juniped Catfish,,,,,,,,,,,
497,LisaLisa LisaLisa,,,,,,,,,,,
513,Slacker JonnyHustle,,,,,,,,,,,
541,Dookie Stane,,,,,,,,,,,
553,Joshua Jones,,,,,,,,,,,
582,Richard Donkus IV,,,,,,,,,,,
604,Eric Tsai,,,,,,,,,,,
616,Christian King,,,,,,,,,,,
663,Nico Bico,,,,,,,,,,,
713,Pivot Geller,,,,,,,,,,,
716,Hummingbird Saltalamacchia,,,,,,,,,,,
716,Hummingbird Saltalamachhia,,,,,,,,,,,
720,Richard Pole,,,,,,,,,,,
723,Trent Nat,,,,,,,,,,,
728,Jeremy Carolina ,,,,,,,,,,,
750,Zion Williamson ,,,,,,,,,,,
751,Frankie Francisco ,,,,,,,,,,,
754,Ferdinand C. Bull,,,,,,,,,,,
755,Goose Bonk,,,,,,,,,,,
775,LaCarpetron Dukemarriot,,,,,,,,,,,
776,Renoe McRenoeface,,,,,,,,,,,
815,Yahtzee Pinocchio ,,,,,,,,,,,
1961,Grey Goose McGillicuddy,,,,,,,,,,,
1961,Ramicus,,,,,,,,,,,
1973,Pete Johnson,,,,,,,,,,,
2003,Gristle McThornbody,,,,,,,,,,,
2015,S.K. Brettbug,,,,,,,,,,,
2017,Augie Neintinowan,,,,,,,,,,,
2019,Bartholemew Masters,,,,,,,,,,,
2020,Bartholomew Crumblepuff,,,,,,,,,,,
2035,Con Copper,,,,,,,,,,,
2055,Herrerra O'Doubles,,,,,,,,,,,
2056,Moritz Stiefel,,,,,,,,,,,
364,Javier Abiscal,,,,,,,,,,,
2202,Jacques Blaque,,,,,,,,,,,
487,Dick Richards,,,,,,,,,,,
117,Harold Peritestes,,,,,,,,,,,
378,Haroldo Mackenzie,,,,,,,,,,,
149,Jork von Bork,,,,,,,,,,,
193,JoÔøΩo Cortez,,,,,,,,,,,
54,Katia WÔøΩlfe,,,,,,,,,,,
671,Kim Heechul,,,,,,,,,,,
54,Markus WÔøΩlfe,,,,,,,,,,,
265,Mr. Miyagi,,,,,,,,,,,
252,Oscar Vinegrette,,,,,,,,,,,
657,Phuc N Twat,,,,,,,,,,,
2087,Ravittsu Suramub?to,,,,,,,,,,,
48,Willow BriansdÔøΩttir,,,,,,,,,,,
149,schrodinger pitcheer,,,,,,,,,,,
2089,valentino Rollin,,,,,,,,,,,
358,Aaron Icecream,,,,,,,,,,,
803,Basic Balanced ,,,,,,,,,,,
805,Basic Finesse ,,,,,,,,,,,
335,Solf J. Kimblee,,,,,,,,,,,
2040,Steve Hofbardozzi Jr. Jr.,,,,,,,,,,,
2050,Steve Shurwin,,,,,,,,,,,
2036,Richard Firr,,,,,,,,,,,
275,Richard Humongous,,,,,,,,,,,
96,Neiko Thorpe,,,,,,,,,,,
2040,Gene Hennig,,,,,,,,,,,
1968,Ludd Van Shark,,,,,,,,,,,
335,Taiki Shuttle,,,,,,,,,,,
734,Ross Jackson,,,,,,,,,,,
2071,Rusty DeMico,,,,,,,,,,,
2064,Rich Chigga,,,,,,,,,,,
779,Ian Sutphin,,,,,,,,,,,
4,Tim Spooneybarger,,,,,,,,,,,
4,Pete WheelerS2,,,,,,,,,,,
1743,Cagney O?verpaid,,,,,,,,,,,
352,Filib Al'anhar JR.,,,,,,,,,,,
456,Buttholo Col?n,,,,,,,,,,,
738,Johnny Coppolella,,,,,,,,,,,
525,Cam'ron West,,,,,,,,,,,
1801,Doc McBiggins,,,,,,,,,,,
488,Isaac Sux,,,,,,,,,,,
358,Aaron IceCream,,,,,,,,,,,
2255,Bubkis Fajita,,,,,,,,,,,
311,Buckeye Logan,,,,,,,,,,,
402,June Berg,,,,,,,,,,,
770,Otter Hooligan,,,,,,,,,,,
233,Yolanda Martinez,,,,,,,,,,,
347,~~~ AH,,,,,,,,,,,
216,Pete Jones,,,,,,,,,,,
456,Buttholo ColÔøΩn,,,,,,,,,,,
149,Azathoth,,,,,,,,,,,
775,LeCarpetron Dukemarriot,,,,,,,,,,,
69420001,Luis Flemus,,,,,,,,,,,
69420002,Junks Tandem,,,,,,,,,,,
69420003,Hashcoin Shitstorm,,,,,,,,,,,
69420004,Jay Lupp,,,,,,,,,,,
69420005,Justin Virga,,,,,,,,,,,
69420006,Rupert Apple,,,,,,,,,,,
69420007,Obi-Wan Canoli,,,,,,,,,,,
69420008,falcs51,,,,,,,,,,,
69420009,Rick Gymnast,,,,,,,,,,,
69420010,John C. Johnson,,,,,,,,,,,
69420011,Clark Web,,,,,,,,,,,
69420012,Timothy Moyer,,,,,,,,,,,
69420013,Art Inova,,,,,,,,,,,
69420014,Bix Kayne,,,,,,,,,,,
69420015,Hyper Scoops,,,,,,,,,,,
69420016,Khalil Underscore,,,,,,,,,,,
69420017,Aaron Range,,,,,,,,,,,
69420018,I.M. Robbot,,,,,,,,,,,
69420019,William Constantine,,,,,,,,,,,
2379,Anthony Billanti,,,,,,,,,,,
69420020,Yacob Yevans,,,,,,,,,,,
69420021,Matt Carver,,,,,,,,,,,
1743,Cagney OÔøΩverpaid,,,,,,,,,,,